{
  "mappings": {
    "me/earth/phobos/mixin/mixins/MixinBlockSoulSand": {
      "onEntityCollision": "Lnet/minecraft/block/BlockSoulSand;func_180634_a(Lnet/minecraft/world/World;Lnet/minecraft/util/math/BlockPos;Lnet/minecraft/block/state/IBlockState;Lnet/minecraft/entity/Entity;)V"
    },
    "me/earth/phobos/mixin/mixins/MixinEntityPlayerSP": {
      "move": "Lnet/minecraft/client/entity/EntityPlayerSP;func_70091_d(Lnet/minecraft/entity/MoverType;DDD)V",
      "onLivingUpdate": "Lnet/minecraft/client/entity/EntityPlayerSP;func_70636_d()V",
      "Lnet/minecraft/client/entity/AbstractClientPlayer;move(Lnet/minecraft/entity/MoverType;DDD)V": "Lnet/minecraft/client/entity/AbstractClientPlayer;func_70091_d(Lnet/minecraft/entity/MoverType;DDD)V",
      "pushOutOfBlocks": "Lnet/minecraft/client/entity/EntityPlayerSP;func_145771_j(DDD)Z",
      "Lnet/minecraft/client/entity/EntityPlayerSP;setServerBrand(Ljava/lang/String;)V": "Lnet/minecraft/client/entity/EntityPlayerSP;func_175158_f(Ljava/lang/String;)V",
      "Lnet/minecraft/client/entity/EntityPlayerSP;closeScreen()V": "Lnet/minecraft/client/entity/EntityPlayerSP;func_71053_j()V",
      "onUpdateWalkingPlayer": "Lnet/minecraft/client/entity/EntityPlayerSP;func_175161_p()V",
      "sendChatMessage": "Lnet/minecraft/client/entity/EntityPlayerSP;func_71165_d(Ljava/lang/String;)V",
      "Lnet/minecraft/client/Minecraft;displayGuiScreen(Lnet/minecraft/client/gui/GuiScreen;)V": "Lnet/minecraft/client/Minecraft;func_147108_a(Lnet/minecraft/client/gui/GuiScreen;)V",
      "Lnet/minecraft/client/entity/EntityPlayerSP;setSprinting(Z)V": "Lnet/minecraft/client/entity/EntityPlayerSP;func_70031_b(Z)V"
    },
    "me/earth/phobos/mixin/mixins/MixinRender": {
      "shouldRender": "Lnet/minecraft/client/renderer/entity/Render;func_177071_a(Lnet/minecraft/entity/Entity;Lnet/minecraft/client/renderer/culling/ICamera;DDD)Z"
    },
    "me/earth/phobos/mixin/mixins/MixinLayerBipedArmor": {
      "setModelSlotVisible": "Lnet/minecraft/client/renderer/entity/layers/LayerBipedArmor;func_188359_a(Lnet/minecraft/client/model/ModelBiped;Lnet/minecraft/inventory/EntityEquipmentSlot;)V"
    },
    "me/earth/phobos/mixin/mixins/MixinEntityLivingBase": {
      "isElytraFlying": "Lnet/minecraft/entity/EntityLivingBase;func_184613_cA()Z"
    },
    "me/earth/phobos/mixin/mixins/MixinItemRenderer": {
      "renderItemInFirstPerson(Lnet/minecraft/client/entity/AbstractClientPlayer;FFLnet/minecraft/util/EnumHand;FLnet/minecraft/item/ItemStack;F)V": "Lnet/minecraft/client/renderer/ItemRenderer;func_187457_a(Lnet/minecraft/client/entity/AbstractClientPlayer;FFLnet/minecraft/util/EnumHand;FLnet/minecraft/item/ItemStack;F)V",
      "renderFireInFirstPerson": "Lnet/minecraft/client/renderer/ItemRenderer;func_78442_d()V",
      "renderArmFirstPerson": "Lnet/minecraft/client/renderer/ItemRenderer;func_187456_a(FFLnet/minecraft/util/EnumHandSide;)V",
      "Lnet/minecraft/client/renderer/GlStateManager;translate(FFF)V": "Lnet/minecraft/client/renderer/GlStateManager;func_179109_b(FFF)V"
    },
    "me/earth/phobos/mixin/mixins/MixinNetworkManager": {
      "sendPacket(Lnet/minecraft/network/Packet;)V": "Lnet/minecraft/network/NetworkManager;func_179290_a(Lnet/minecraft/network/Packet;)V",
      "channelRead0": "Lnet/minecraft/network/NetworkManager;channelRead0(Lio/netty/channel/ChannelHandlerContext;Lnet/minecraft/network/Packet;)V"
    },
    "me/earth/phobos/mixin/mixins/MixinEntityRenderer": {
      "hurtCameraEffect": "Lnet/minecraft/client/renderer/EntityRenderer;func_78482_e(F)V",
      "updateLightmap": "Lnet/minecraft/client/renderer/EntityRenderer;func_78472_g(F)V",
      "setupFog": "Lnet/minecraft/client/renderer/EntityRenderer;func_78468_a(IF)V",
      "Lnet/minecraft/client/renderer/ActiveRenderInfo;getBlockStateAtEntityViewpoint(Lnet/minecraft/world/World;Lnet/minecraft/entity/Entity;F)Lnet/minecraft/block/state/IBlockState;": "Lnet/minecraft/client/renderer/ActiveRenderInfo;func_186703_a(Lnet/minecraft/world/World;Lnet/minecraft/entity/Entity;F)Lnet/minecraft/block/state/IBlockState;",
      "Lnet/minecraft/client/multiplayer/WorldClient;getEntitiesInAABBexcluding(Lnet/minecraft/entity/Entity;Lnet/minecraft/util/math/AxisAlignedBB;Lcom/google/common/base/Predicate;)Ljava/util/List;": "Lnet/minecraft/client/multiplayer/WorldClient;func_175674_a(Lnet/minecraft/entity/Entity;Lnet/minecraft/util/math/AxisAlignedBB;Lcom/google/common/base/Predicate;)Ljava/util/List;",
      "Lnet/minecraft/client/entity/EntityPlayerSP;prevTimeInPortal:F": "Lnet/minecraft/client/entity/EntityPlayerSP;field_71080_cy:F",
      "setupCameraTransform": "Lnet/minecraft/client/renderer/EntityRenderer;func_78479_a(FI)V",
      "renderItemActivation": "Lnet/minecraft/client/renderer/EntityRenderer;func_190563_a(IIF)V",
      "orientCamera": "Lnet/minecraft/client/renderer/EntityRenderer;func_78467_g(F)V",
      "getMouseOver(F)V": "Lnet/minecraft/client/renderer/EntityRenderer;func_78473_a(F)V",
      "getMouseOver": "Lnet/minecraft/client/renderer/EntityRenderer;func_78473_a(F)V"
    },
    "me/earth/phobos/mixin/mixins/MixinMinecraft": {
      "sendClickBlockToController": "Lnet/minecraft/client/Minecraft;func_147115_a(Z)V",
      "runGameLoop": "Lnet/minecraft/client/Minecraft;func_71411_J()V",
      "Lnet/minecraft/client/Minecraft;displayCrashReport(Lnet/minecraft/crash/CrashReport;)V": "Lnet/minecraft/client/Minecraft;func_71377_b(Lnet/minecraft/crash/CrashReport;)V",
      "Lnet/minecraft/client/multiplayer/PlayerControllerMP;getIsHittingBlock()Z": "Lnet/minecraft/client/multiplayer/PlayerControllerMP;func_181040_m()Z",
      "run": "Lnet/minecraft/client/Minecraft;func_99999_d()V",
      "Lnet/minecraft/client/Minecraft;getLimitFramerate()I": "Lnet/minecraft/client/Minecraft;func_90020_K()I",
      "runTick": "Lnet/minecraft/client/Minecraft;func_71407_l()V",
      "Lnet/minecraft/client/multiplayer/WorldClient;doVoidFogParticles(III)V": "Lnet/minecraft/client/multiplayer/WorldClient;func_73029_E(III)V",
      "rightClickMouse": "Lnet/minecraft/client/Minecraft;func_147121_ag()V",
      "shutdown": "Lnet/minecraft/client/Minecraft;func_71400_g()V",
      "Lnet/minecraft/client/entity/EntityPlayerSP;isHandActive()Z": "Lnet/minecraft/client/entity/EntityPlayerSP;func_184587_cr()Z"
    },
    "me/earth/phobos/mixin/mixins/MixinKeyBinding": {
      "isKeyDown": "Lnet/minecraft/client/settings/KeyBinding;func_151470_d()Z"
    },
    "me/earth/phobos/mixin/mixins/MixinGuiIngame": {
      "renderPortal": "Lnet/minecraft/client/gui/GuiIngame;func_180474_b(FLnet/minecraft/client/gui/ScaledResolution;)V",
      "renderPotionEffects": "Lnet/minecraft/client/gui/GuiIngame;func_184048_a(Lnet/minecraft/client/gui/ScaledResolution;)V",
      "renderPumpkinOverlay": "Lnet/minecraft/client/gui/GuiIngame;func_180476_e(Lnet/minecraft/client/gui/ScaledResolution;)V"
    },
    "me/earth/phobos/mixin/mixins/MixinBlockLiquid": {
      "getCollisionBoundingBox": "Lnet/minecraft/block/BlockLiquid;func_180646_a(Lnet/minecraft/block/state/IBlockState;Lnet/minecraft/world/IBlockAccess;Lnet/minecraft/util/math/BlockPos;)Lnet/minecraft/util/math/AxisAlignedBB;",
      "canCollideCheck": "Lnet/minecraft/block/BlockLiquid;func_176209_a(Lnet/minecraft/block/state/IBlockState;Z)Z"
    },
    "me/earth/phobos/mixin/mixins/MixinRenderLivingBase": {
      "Lnet/minecraft/client/model/ModelBase;render(Lnet/minecraft/entity/Entity;FFFFFF)V": "Lnet/minecraft/client/model/ModelBase;func_78088_a(Lnet/minecraft/entity/Entity;FFFFFF)V",
      "doRender": "Lnet/minecraft/client/renderer/entity/RenderLivingBase;func_76986_a(Lnet/minecraft/entity/EntityLivingBase;DDDFF)V",
      "renderModel": "Lnet/minecraft/client/renderer/entity/RenderLivingBase;func_77036_a(Lnet/minecraft/entity/EntityLivingBase;FFFFFF)V"
    },
    "me/earth/phobos/mixin/mixins/MixinRenderPlayer": {
      "renderEntityName": "Lnet/minecraft/client/renderer/entity/RenderPlayer;func_188296_a(Lnet/minecraft/client/entity/AbstractClientPlayer;DDDLjava/lang/String;D)V"
    },
    "me/earth/phobos/mixin/mixins/MixinBlock": {
      "addCollisionBoxToList(Lnet/minecraft/block/state/IBlockState;Lnet/minecraft/world/World;Lnet/minecraft/util/math/BlockPos;Lnet/minecraft/util/math/AxisAlignedBB;Ljava/util/List;Lnet/minecraft/entity/Entity;Z)V": "Lnet/minecraft/block/Block;func_185477_a(Lnet/minecraft/block/state/IBlockState;Lnet/minecraft/world/World;Lnet/minecraft/util/math/BlockPos;Lnet/minecraft/util/math/AxisAlignedBB;Ljava/util/List;Lnet/minecraft/entity/Entity;Z)V",
      "isFullCube": "Lnet/minecraft/block/Block;func_149686_d(Lnet/minecraft/block/state/IBlockState;)Z"
    },
    "me/earth/phobos/mixin/mixins/MixinBlockFluidRenderer": {
      "renderFluid": "Lnet/minecraft/client/renderer/BlockFluidRenderer;func_178270_a(Lnet/minecraft/world/IBlockAccess;Lnet/minecraft/block/state/IBlockState;Lnet/minecraft/util/math/BlockPos;Lnet/minecraft/client/renderer/BufferBuilder;)Z"
    },
    "me/earth/phobos/mixin/mixins/MixinVisGraph": {
      "setOpaqueCube": "Lnet/minecraft/client/renderer/chunk/VisGraph;func_178606_a(Lnet/minecraft/util/math/BlockPos;)V"
    },
    "me/earth/phobos/mixin/mixins/MixinFontRenderer": {
      "Lnet/minecraft/client/gui/FontRenderer;renderString(Ljava/lang/String;FFIZ)I": "Lnet/minecraft/client/gui/FontRenderer;func_180455_b(Ljava/lang/String;FFIZ)I",
      "drawString(Ljava/lang/String;FFIZ)I": "Lnet/minecraft/client/gui/FontRenderer;func_175065_a(Ljava/lang/String;FFIZ)I"
    },
    "me/earth/phobos/mixin/mixins/MixinGuiNewChat": {
      "drawChat": "Lnet/minecraft/client/gui/GuiNewChat;func_146230_a(I)V",
      "setChatLine": "Lnet/minecraft/client/gui/GuiNewChat;func_146237_a(Lnet/minecraft/util/text/ITextComponent;IIZ)V",
      "Lnet/minecraft/client/gui/GuiNewChat;drawRect(IIIII)V": "Lnet/minecraft/client/gui/GuiNewChat;func_73734_a(IIIII)V"
    },
    "me/earth/phobos/mixin/mixins/MixinWorld": {
      "Lnet/minecraft/entity/Entity;isPushedByWater()Z": "Lnet/minecraft/entity/Entity;func_96092_aw()Z",
      "getEntitiesWithinAABB(Ljava/lang/Class;Lnet/minecraft/util/math/AxisAlignedBB;Lcom/google/common/base/Predicate;)Ljava/util/List;": "Lnet/minecraft/world/World;func_175647_a(Ljava/lang/Class;Lnet/minecraft/util/math/AxisAlignedBB;Lcom/google/common/base/Predicate;)Ljava/util/List;",
      "checkLightFor": "Lnet/minecraft/world/World;func_180500_c(Lnet/minecraft/world/EnumSkyBlock;Lnet/minecraft/util/math/BlockPos;)Z",
      "onEntityAdded": "Lnet/minecraft/world/World;func_72923_a(Lnet/minecraft/entity/Entity;)V",
      "Lnet/minecraft/world/chunk/Chunk;getEntitiesOfTypeWithinAABB(Ljava/lang/Class;Lnet/minecraft/util/math/AxisAlignedBB;Ljava/util/List;Lcom/google/common/base/Predicate;)V": "Lnet/minecraft/world/chunk/Chunk;func_177430_a(Ljava/lang/Class;Lnet/minecraft/util/math/AxisAlignedBB;Ljava/util/List;Lcom/google/common/base/Predicate;)V",
      "handleMaterialAcceleration": "Lnet/minecraft/world/World;func_72918_a(Lnet/minecraft/util/math/AxisAlignedBB;Lnet/minecraft/block/material/Material;Lnet/minecraft/entity/Entity;)Z"
    },
    "me/earth/phobos/mixin/mixins/MixinPlayerControllerMP": {
      "resetBlockRemoving": "Lnet/minecraft/client/multiplayer/PlayerControllerMP;func_78767_c()V",
      "clickBlock": "Lnet/minecraft/client/multiplayer/PlayerControllerMP;func_180511_b(Lnet/minecraft/util/math/BlockPos;Lnet/minecraft/util/EnumFacing;)Z",
      "getBlockReachDistance": "Lnet/minecraft/client/multiplayer/PlayerControllerMP;func_78757_d()F",
      "onPlayerDamageBlock": "Lnet/minecraft/client/multiplayer/PlayerControllerMP;func_180512_c(Lnet/minecraft/util/math/BlockPos;Lnet/minecraft/util/EnumFacing;)Z",
      "Lnet/minecraft/item/ItemBlock;canPlaceBlockOnSide(Lnet/minecraft/world/World;Lnet/minecraft/util/math/BlockPos;Lnet/minecraft/util/EnumFacing;Lnet/minecraft/entity/player/EntityPlayer;Lnet/minecraft/item/ItemStack;)Z": "Lnet/minecraft/item/ItemBlock;func_179222_a(Lnet/minecraft/world/World;Lnet/minecraft/util/math/BlockPos;Lnet/minecraft/util/EnumFacing;Lnet/minecraft/entity/player/EntityPlayer;Lnet/minecraft/item/ItemStack;)Z",
      "Lnet/minecraft/block/state/IBlockState;getPlayerRelativeBlockHardness(Lnet/minecraft/entity/player/EntityPlayer;Lnet/minecraft/world/World;Lnet/minecraft/util/math/BlockPos;)F": "Lnet/minecraft/block/state/IBlockState;func_185903_a(Lnet/minecraft/entity/player/EntityPlayer;Lnet/minecraft/world/World;Lnet/minecraft/util/math/BlockPos;)F",
      "processRightClickBlock": "Lnet/minecraft/client/multiplayer/PlayerControllerMP;func_187099_a(Lnet/minecraft/client/entity/EntityPlayerSP;Lnet/minecraft/client/multiplayer/WorldClient;Lnet/minecraft/util/math/BlockPos;Lnet/minecraft/util/EnumFacing;Lnet/minecraft/util/math/Vec3d;Lnet/minecraft/util/EnumHand;)Lnet/minecraft/util/EnumActionResult;"
    },
    "me/earth/phobos/mixin/mixins/MixinItemFood": {
      "onItemUseFinish": "Lnet/minecraft/item/ItemFood;func_77654_b(Lnet/minecraft/item/ItemStack;Lnet/minecraft/world/World;Lnet/minecraft/entity/EntityLivingBase;)Lnet/minecraft/item/ItemStack;"
    },
    "me/earth/phobos/mixin/mixins/MixinRenderGlobal": {
      "drawSelectionBox": "Lnet/minecraft/client/renderer/RenderGlobal;func_72731_b(Lnet/minecraft/entity/player/EntityPlayer;Lnet/minecraft/util/math/RayTraceResult;IF)V",
      "setupTerrain": "Lnet/minecraft/client/renderer/RenderGlobal;func_174970_a(Lnet/minecraft/entity/Entity;DLnet/minecraft/client/renderer/culling/ICamera;IZ)V",
      "renderEntities": "Lnet/minecraft/client/renderer/RenderGlobal;func_180446_a(Lnet/minecraft/entity/Entity;Lnet/minecraft/client/renderer/culling/ICamera;F)V",
      "Lnet/minecraft/util/math/AxisAlignedBB;offset(DDD)Lnet/minecraft/util/math/AxisAlignedBB;": "Lnet/minecraft/util/math/AxisAlignedBB;func_72317_d(DDD)Lnet/minecraft/util/math/AxisAlignedBB;",
      "Lnet/minecraft/client/renderer/entity/RenderManager;setRenderPosition(DDD)V": "Lnet/minecraft/client/renderer/entity/RenderManager;func_178628_a(DDD)V",
      "Lnet/minecraft/client/renderer/ChunkRenderContainer;initialize(DDD)V": "Lnet/minecraft/client/renderer/ChunkRenderContainer;func_178004_a(DDD)V"
    },
    "me/earth/phobos/mixin/mixins/MixinBlockModelRenderer": {
      "renderModel(Lnet/minecraft/world/IBlockAccess;Lnet/minecraft/client/renderer/block/model/IBakedModel;Lnet/minecraft/block/state/IBlockState;Lnet/minecraft/util/math/BlockPos;Lnet/minecraft/client/renderer/BufferBuilder;ZJ)Z": "Lnet/minecraft/client/renderer/BlockModelRenderer;func_187493_a(Lnet/minecraft/world/IBlockAccess;Lnet/minecraft/client/renderer/block/model/IBakedModel;Lnet/minecraft/block/state/IBlockState;Lnet/minecraft/util/math/BlockPos;Lnet/minecraft/client/renderer/BufferBuilder;ZJ)Z",
      "Lnet/minecraft/client/renderer/BlockModelRenderer;renderModelFlat(Lnet/minecraft/world/IBlockAccess;Lnet/minecraft/client/renderer/block/model/IBakedModel;Lnet/minecraft/block/state/IBlockState;Lnet/minecraft/util/math/BlockPos;Lnet/minecraft/client/renderer/BufferBuilder;ZJ)Z": "Lnet/minecraft/client/renderer/BlockModelRenderer;func_187497_c(Lnet/minecraft/world/IBlockAccess;Lnet/minecraft/client/renderer/block/model/IBakedModel;Lnet/minecraft/block/state/IBlockState;Lnet/minecraft/util/math/BlockPos;Lnet/minecraft/client/renderer/BufferBuilder;ZJ)Z",
      "Lnet/minecraft/client/renderer/BlockModelRenderer;renderModelSmooth(Lnet/minecraft/world/IBlockAccess;Lnet/minecraft/client/renderer/block/model/IBakedModel;Lnet/minecraft/block/state/IBlockState;Lnet/minecraft/util/math/BlockPos;Lnet/minecraft/client/renderer/BufferBuilder;ZJ)Z": "Lnet/minecraft/client/renderer/BlockModelRenderer;func_187498_b(Lnet/minecraft/world/IBlockAccess;Lnet/minecraft/client/renderer/block/model/IBakedModel;Lnet/minecraft/block/state/IBlockState;Lnet/minecraft/util/math/BlockPos;Lnet/minecraft/client/renderer/BufferBuilder;ZJ)Z",
      "renderModel": "Lnet/minecraft/client/renderer/BlockModelRenderer;func_178267_a(Lnet/minecraft/world/IBlockAccess;Lnet/minecraft/client/renderer/block/model/IBakedModel;Lnet/minecraft/block/state/IBlockState;Lnet/minecraft/util/math/BlockPos;Lnet/minecraft/client/renderer/BufferBuilder;Z)Z"
    },
    "me/earth/phobos/mixin/mixins/MixinGuiScreen": {
      "renderToolTip": "Lnet/minecraft/client/gui/GuiScreen;func_146285_a(Lnet/minecraft/item/ItemStack;II)V"
    },
    "me/earth/phobos/mixin/mixins/MixinEntityPlayer": {
      "getPortalCooldown": "Lnet/minecraft/entity/player/EntityPlayer;func_82147_ab()I",
      "isEntityInsideOpaqueBlock": "Lnet/minecraft/entity/player/EntityPlayer;func_70094_T()Z",
      "getCooldownPeriod": "Lnet/minecraft/entity/player/EntityPlayer;func_184818_cX()F"
    },
    "me/earth/phobos/mixin/mixins/MixinEntity": {
      "applyEntityCollision": "Lnet/minecraft/entity/Entity;func_70108_f(Lnet/minecraft/entity/Entity;)V",
      "Lnet/minecraft/entity/Entity;getMaxInPortalTime()I": "Lnet/minecraft/entity/Entity;func_82145_z()I",
      "Lnet/minecraft/entity/Entity;addVelocity(DDD)V": "Lnet/minecraft/entity/Entity;func_70024_g(DDD)V",
      "onEntityUpdate": "Lnet/minecraft/entity/Entity;func_70030_z()V"
    },
    "me/earth/phobos/mixin/mixins/MixinGuiPlayerTabOverlay": {
      "renderPlayerlist": "Lnet/minecraft/client/gui/GuiPlayerTabOverlay;func_175249_a(ILnet/minecraft/scoreboard/Scoreboard;Lnet/minecraft/scoreboard/ScoreObjective;)V",
      "getPlayerName": "Lnet/minecraft/client/gui/GuiPlayerTabOverlay;func_175243_a(Lnet/minecraft/client/network/NetworkPlayerInfo;)Ljava/lang/String;"
    }
  },
  "data": {
    "notch": {
      "me/earth/phobos/mixin/mixins/MixinBlockSoulSand": {
        "onEntityCollision": "Latx;a(Lamu;Let;Lawt;Lvg;)V"
      },
      "me/earth/phobos/mixin/mixins/MixinEntityPlayerSP": {
        "move": "Lbud;a(Lvv;DDD)V",
        "onLivingUpdate": "Lbud;n()V",
        "Lnet/minecraft/client/entity/AbstractClientPlayer;move(Lnet/minecraft/entity/MoverType;DDD)V": "Lbua;a(Lvv;DDD)V",
        "pushOutOfBlocks": "Lbud;i(DDD)Z",
        "Lnet/minecraft/client/entity/EntityPlayerSP;setServerBrand(Ljava/lang/String;)V": "Lbud;h(Ljava/lang/String;)V",
        "Lnet/minecraft/client/entity/EntityPlayerSP;closeScreen()V": "Lbud;p()V",
        "onUpdateWalkingPlayer": "Lbud;N()V",
        "sendChatMessage": "Lbud;g(Ljava/lang/String;)V",
        "Lnet/minecraft/client/Minecraft;displayGuiScreen(Lnet/minecraft/client/gui/GuiScreen;)V": "Lbib;a(Lblk;)V",
        "Lnet/minecraft/client/entity/EntityPlayerSP;setSprinting(Z)V": "Lbud;f(Z)V"
      },
      "me/earth/phobos/mixin/mixins/MixinRender": {
        "shouldRender": "Lbzg;a(Lvg;Lbxy;DDD)Z"
      },
      "me/earth/phobos/mixin/mixins/MixinLayerBipedArmor": {
        "setModelSlotVisible": "Lccb;a(Lbpx;Lvl;)V"
      },
      "me/earth/phobos/mixin/mixins/MixinEntityLivingBase": {
        "isElytraFlying": "Lvp;cP()Z"
      },
      "me/earth/phobos/mixin/mixins/MixinItemRenderer": {
        "renderItemInFirstPerson(Lnet/minecraft/client/entity/AbstractClientPlayer;FFLnet/minecraft/util/EnumHand;FLnet/minecraft/item/ItemStack;F)V": "Lbuu;a(Lbua;FFLub;FLaip;F)V",
        "renderFireInFirstPerson": "Lbuu;d()V",
        "renderArmFirstPerson": "Lbuu;a(FFLvo;)V",
        "Lnet/minecraft/client/renderer/GlStateManager;translate(FFF)V": "Lbus;c(FFF)V"
      },
      "me/earth/phobos/mixin/mixins/MixinNetworkManager": {
        "sendPacket(Lnet/minecraft/network/Packet;)V": "Lgw;a(Lht;)V",
        "channelRead0": "Lgw;a(Lio/netty/channel/ChannelHandlerContext;Lht;)V"
      },
      "me/earth/phobos/mixin/mixins/MixinEntityRenderer": {
        "hurtCameraEffect": "Lbuq;d(F)V",
        "updateLightmap": "Lbuq;g(F)V",
        "setupFog": "Lbuq;a(IF)V",
        "Lnet/minecraft/client/renderer/ActiveRenderInfo;getBlockStateAtEntityViewpoint(Lnet/minecraft/world/World;Lnet/minecraft/entity/Entity;F)Lnet/minecraft/block/state/IBlockState;": "Lbhv;a(Lamu;Lvg;F)Lawt;",
        "Lnet/minecraft/client/multiplayer/WorldClient;getEntitiesInAABBexcluding(Lnet/minecraft/entity/Entity;Lnet/minecraft/util/math/AxisAlignedBB;Lcom/google/common/base/Predicate;)Ljava/util/List;": "Lbsb;a(Lvg;Lbhb;Lcom/google/common/base/Predicate;)Ljava/util/List;",
        "Lnet/minecraft/client/entity/EntityPlayerSP;prevTimeInPortal:F": "Lbud;ca:F",
        "setupCameraTransform": "Lbuq;a(FI)V",
        "renderItemActivation": "Lbuq;a(IIF)V",
        "orientCamera": "Lbuq;f(F)V",
        "getMouseOver(F)V": "Lbuq;a(F)V",
        "getMouseOver": "Lbuq;a(F)V"
      },
      "me/earth/phobos/mixin/mixins/MixinMinecraft": {
        "sendClickBlockToController": "Lbib;b(Z)V",
        "runGameLoop": "Lbib;az()V",
        "Lnet/minecraft/client/Minecraft;displayCrashReport(Lnet/minecraft/crash/CrashReport;)V": "Lbib;c(Lb;)V",
        "Lnet/minecraft/client/multiplayer/PlayerControllerMP;getIsHittingBlock()Z": "Lbsa;m()Z",
        "run": "Lbib;a()V",
        "Lnet/minecraft/client/Minecraft;getLimitFramerate()I": "Lbib;k()I",
        "runTick": "Lbib;t()V",
        "Lnet/minecraft/client/multiplayer/WorldClient;doVoidFogParticles(III)V": "Lbsb;b(III)V",
        "rightClickMouse": "Lbib;aB()V",
        "shutdown": "Lbib;n()V",
        "Lnet/minecraft/client/entity/EntityPlayerSP;isHandActive()Z": "Lbud;cG()Z"
      },
      "me/earth/phobos/mixin/mixins/MixinKeyBinding": {
        "isKeyDown": "Lbhy;e()Z"
      },
      "me/earth/phobos/mixin/mixins/MixinGuiIngame": {
        "renderPortal": "Lbiq;c(FLbit;)V",
        "renderPotionEffects": "Lbiq;a(Lbit;)V",
        "renderPumpkinOverlay": "Lbiq;f(Lbit;)V"
      },
      "me/earth/phobos/mixin/mixins/MixinBlockLiquid": {
        "getCollisionBoundingBox": "Laru;a(Lawt;Lamy;Let;)Lbhb;",
        "canCollideCheck": "Laru;a(Lawt;Z)Z"
      },
      "me/earth/phobos/mixin/mixins/MixinRenderLivingBase": {
        "Lnet/minecraft/client/model/ModelBase;render(Lnet/minecraft/entity/Entity;FFFFFF)V": "Lbqf;a(Lvg;FFFFFF)V",
        "doRender": "Lcaa;a(Lvp;DDDFF)V",
        "renderModel": "Lcaa;a(Lvp;FFFFFF)V"
      },
      "me/earth/phobos/mixin/mixins/MixinRenderPlayer": {
        "renderEntityName": "Lcct;a(Lbua;DDDLjava/lang/String;D)V"
      },
      "me/earth/phobos/mixin/mixins/MixinBlock": {
        "addCollisionBoxToList(Lnet/minecraft/block/state/IBlockState;Lnet/minecraft/world/World;Lnet/minecraft/util/math/BlockPos;Lnet/minecraft/util/math/AxisAlignedBB;Ljava/util/List;Lnet/minecraft/entity/Entity;Z)V": "Laow;a(Lawt;Lamu;Let;Lbhb;Ljava/util/List;Lvg;Z)V",
        "isFullCube": "Laow;c(Lawt;)Z"
      },
      "me/earth/phobos/mixin/mixins/MixinBlockFluidRenderer": {
        "renderFluid": "Lbvn;a(Lamy;Lawt;Let;Lbuk;)Z"
      },
      "me/earth/phobos/mixin/mixins/MixinVisGraph": {
        "setOpaqueCube": "Lbxu;a(Let;)V"
      },
      "me/earth/phobos/mixin/mixins/MixinFontRenderer": {
        "Lnet/minecraft/client/gui/FontRenderer;renderString(Ljava/lang/String;FFIZ)I": "Lbip;b(Ljava/lang/String;FFIZ)I",
        "drawString(Ljava/lang/String;FFIZ)I": "Lbip;a(Ljava/lang/String;FFIZ)I"
      },
      "me/earth/phobos/mixin/mixins/MixinGuiNewChat": {
        "drawChat": "Lbjb;a(I)V",
        "setChatLine": "Lbjb;a(Lhh;IIZ)V",
        "Lnet/minecraft/client/gui/GuiNewChat;drawRect(IIIII)V": "Lbjb;a(IIIII)V"
      },
      "me/earth/phobos/mixin/mixins/MixinWorld": {
        "Lnet/minecraft/entity/Entity;isPushedByWater()Z": "Lvg;bo()Z",
        "getEntitiesWithinAABB(Ljava/lang/Class;Lnet/minecraft/util/math/AxisAlignedBB;Lcom/google/common/base/Predicate;)Ljava/util/List;": "Lamu;a(Ljava/lang/Class;Lbhb;Lcom/google/common/base/Predicate;)Ljava/util/List;",
        "checkLightFor": "Lamu;c(Lana;Let;)Z",
        "onEntityAdded": "Lamu;b(Lvg;)V",
        "Lnet/minecraft/world/chunk/Chunk;getEntitiesOfTypeWithinAABB(Ljava/lang/Class;Lnet/minecraft/util/math/AxisAlignedBB;Ljava/util/List;Lcom/google/common/base/Predicate;)V": "Laxw;a(Ljava/lang/Class;Lbhb;Ljava/util/List;Lcom/google/common/base/Predicate;)V",
        "handleMaterialAcceleration": "Lamu;a(Lbhb;Lbcz;Lvg;)Z"
      },
      "me/earth/phobos/mixin/mixins/MixinPlayerControllerMP": {
        "resetBlockRemoving": "Lbsa;c()V",
        "clickBlock": "Lbsa;a(Let;Lfa;)Z",
        "getBlockReachDistance": "Lbsa;d()F",
        "onPlayerDamageBlock": "Lbsa;b(Let;Lfa;)Z",
        "Lnet/minecraft/item/ItemBlock;canPlaceBlockOnSide(Lnet/minecraft/world/World;Lnet/minecraft/util/math/BlockPos;Lnet/minecraft/util/EnumFacing;Lnet/minecraft/entity/player/EntityPlayer;Lnet/minecraft/item/ItemStack;)Z": "Lahb;a(Lamu;Let;Lfa;Laed;Laip;)Z",
        "Lnet/minecraft/block/state/IBlockState;getPlayerRelativeBlockHardness(Lnet/minecraft/entity/player/EntityPlayer;Lnet/minecraft/world/World;Lnet/minecraft/util/math/BlockPos;)F": "Lawt;a(Laed;Lamu;Let;)F",
        "processRightClickBlock": "Lbsa;a(Lbud;Lbsb;Let;Lfa;Lbhe;Lub;)Lud;"
      },
      "me/earth/phobos/mixin/mixins/MixinItemFood": {
        "onItemUseFinish": "Laij;a(Laip;Lamu;Lvp;)Laip;"
      },
      "me/earth/phobos/mixin/mixins/MixinRenderGlobal": {
        "drawSelectionBox": "Lbuy;a(Laed;Lbhc;IF)V",
        "setupTerrain": "Lbuy;a(Lvg;DLbxy;IZ)V",
        "renderEntities": "Lbuy;a(Lvg;Lbxy;F)V",
        "Lnet/minecraft/util/math/AxisAlignedBB;offset(DDD)Lnet/minecraft/util/math/AxisAlignedBB;": "Lbhb;d(DDD)Lbhb;",
        "Lnet/minecraft/client/renderer/entity/RenderManager;setRenderPosition(DDD)V": "Lbzf;a(DDD)V",
        "Lnet/minecraft/client/renderer/ChunkRenderContainer;initialize(DDD)V": "Lbun;a(DDD)V"
      },
      "me/earth/phobos/mixin/mixins/MixinBlockModelRenderer": {
        "renderModel(Lnet/minecraft/world/IBlockAccess;Lnet/minecraft/client/renderer/block/model/IBakedModel;Lnet/minecraft/block/state/IBlockState;Lnet/minecraft/util/math/BlockPos;Lnet/minecraft/client/renderer/BufferBuilder;ZJ)Z": "Lbvo;a(Lamy;Lcfy;Lawt;Let;Lbuk;ZJ)Z",
        "Lnet/minecraft/client/renderer/BlockModelRenderer;renderModelFlat(Lnet/minecraft/world/IBlockAccess;Lnet/minecraft/client/renderer/block/model/IBakedModel;Lnet/minecraft/block/state/IBlockState;Lnet/minecraft/util/math/BlockPos;Lnet/minecraft/client/renderer/BufferBuilder;ZJ)Z": "Lbvo;c(Lamy;Lcfy;Lawt;Let;Lbuk;ZJ)Z",
        "Lnet/minecraft/client/renderer/BlockModelRenderer;renderModelSmooth(Lnet/minecraft/world/IBlockAccess;Lnet/minecraft/client/renderer/block/model/IBakedModel;Lnet/minecraft/block/state/IBlockState;Lnet/minecraft/util/math/BlockPos;Lnet/minecraft/client/renderer/BufferBuilder;ZJ)Z": "Lbvo;b(Lamy;Lcfy;Lawt;Let;Lbuk;ZJ)Z",
        "renderModel": "Lbvo;a(Lamy;Lcfy;Lawt;Let;Lbuk;Z)Z"
      },
      "me/earth/phobos/mixin/mixins/MixinGuiScreen": {
        "renderToolTip": "Lblk;a(Laip;II)V"
      },
      "me/earth/phobos/mixin/mixins/MixinEntityPlayer": {
        "getPortalCooldown": "Laed;aM()I",
        "isEntityInsideOpaqueBlock": "Laed;aD()Z",
        "getCooldownPeriod": "Laed;dr()F"
      },
      "me/earth/phobos/mixin/mixins/MixinEntity": {
        "applyEntityCollision": "Lvg;i(Lvg;)V",
        "Lnet/minecraft/entity/Entity;getMaxInPortalTime()I": "Lvg;Z()I",
        "Lnet/minecraft/entity/Entity;addVelocity(DDD)V": "Lvg;f(DDD)V",
        "onEntityUpdate": "Lvg;Y()V"
      },
      "me/earth/phobos/mixin/mixins/MixinGuiPlayerTabOverlay": {
        "renderPlayerlist": "Lbjq;a(ILbhk;Lbhg;)V",
        "getPlayerName": "Lbjq;a(Lbsc;)Ljava/lang/String;"
      }
    },
    "searge": {
      "me/earth/phobos/mixin/mixins/MixinBlockSoulSand": {
        "onEntityCollision": "Lnet/minecraft/block/BlockSoulSand;func_180634_a(Lnet/minecraft/world/World;Lnet/minecraft/util/math/BlockPos;Lnet/minecraft/block/state/IBlockState;Lnet/minecraft/entity/Entity;)V"
      },
      "me/earth/phobos/mixin/mixins/MixinEntityPlayerSP": {
        "move": "Lnet/minecraft/client/entity/EntityPlayerSP;func_70091_d(Lnet/minecraft/entity/MoverType;DDD)V",
        "onLivingUpdate": "Lnet/minecraft/client/entity/EntityPlayerSP;func_70636_d()V",
        "Lnet/minecraft/client/entity/AbstractClientPlayer;move(Lnet/minecraft/entity/MoverType;DDD)V": "Lnet/minecraft/client/entity/AbstractClientPlayer;func_70091_d(Lnet/minecraft/entity/MoverType;DDD)V",
        "pushOutOfBlocks": "Lnet/minecraft/client/entity/EntityPlayerSP;func_145771_j(DDD)Z",
        "Lnet/minecraft/client/entity/EntityPlayerSP;setServerBrand(Ljava/lang/String;)V": "Lnet/minecraft/client/entity/EntityPlayerSP;func_175158_f(Ljava/lang/String;)V",
        "Lnet/minecraft/client/entity/EntityPlayerSP;closeScreen()V": "Lnet/minecraft/client/entity/EntityPlayerSP;func_71053_j()V",
        "onUpdateWalkingPlayer": "Lnet/minecraft/client/entity/EntityPlayerSP;func_175161_p()V",
        "sendChatMessage": "Lnet/minecraft/client/entity/EntityPlayerSP;func_71165_d(Ljava/lang/String;)V",
        "Lnet/minecraft/client/Minecraft;displayGuiScreen(Lnet/minecraft/client/gui/GuiScreen;)V": "Lnet/minecraft/client/Minecraft;func_147108_a(Lnet/minecraft/client/gui/GuiScreen;)V",
        "Lnet/minecraft/client/entity/EntityPlayerSP;setSprinting(Z)V": "Lnet/minecraft/client/entity/EntityPlayerSP;func_70031_b(Z)V"
      },
      "me/earth/phobos/mixin/mixins/MixinRender": {
        "shouldRender": "Lnet/minecraft/client/renderer/entity/Render;func_177071_a(Lnet/minecraft/entity/Entity;Lnet/minecraft/client/renderer/culling/ICamera;DDD)Z"
      },
      "me/earth/phobos/mixin/mixins/MixinLayerBipedArmor": {
        "setModelSlotVisible": "Lnet/minecraft/client/renderer/entity/layers/LayerBipedArmor;func_188359_a(Lnet/minecraft/client/model/ModelBiped;Lnet/minecraft/inventory/EntityEquipmentSlot;)V"
      },
      "me/earth/phobos/mixin/mixins/MixinEntityLivingBase": {
        "isElytraFlying": "Lnet/minecraft/entity/EntityLivingBase;func_184613_cA()Z"
      },
      "me/earth/phobos/mixin/mixins/MixinItemRenderer": {
        "renderItemInFirstPerson(Lnet/minecraft/client/entity/AbstractClientPlayer;FFLnet/minecraft/util/EnumHand;FLnet/minecraft/item/ItemStack;F)V": "Lnet/minecraft/client/renderer/ItemRenderer;func_187457_a(Lnet/minecraft/client/entity/AbstractClientPlayer;FFLnet/minecraft/util/EnumHand;FLnet/minecraft/item/ItemStack;F)V",
        "renderFireInFirstPerson": "Lnet/minecraft/client/renderer/ItemRenderer;func_78442_d()V",
        "renderArmFirstPerson": "Lnet/minecraft/client/renderer/ItemRenderer;func_187456_a(FFLnet/minecraft/util/EnumHandSide;)V",
        "Lnet/minecraft/client/renderer/GlStateManager;translate(FFF)V": "Lnet/minecraft/client/renderer/GlStateManager;func_179109_b(FFF)V"
      },
      "me/earth/phobos/mixin/mixins/MixinNetworkManager": {
        "sendPacket(Lnet/minecraft/network/Packet;)V": "Lnet/minecraft/network/NetworkManager;func_179290_a(Lnet/minecraft/network/Packet;)V",
        "channelRead0": "Lnet/minecraft/network/NetworkManager;channelRead0(Lio/netty/channel/ChannelHandlerContext;Lnet/minecraft/network/Packet;)V"
      },
      "me/earth/phobos/mixin/mixins/MixinEntityRenderer": {
        "hurtCameraEffect": "Lnet/minecraft/client/renderer/EntityRenderer;func_78482_e(F)V",
        "updateLightmap": "Lnet/minecraft/client/renderer/EntityRenderer;func_78472_g(F)V",
        "setupFog": "Lnet/minecraft/client/renderer/EntityRenderer;func_78468_a(IF)V",
        "Lnet/minecraft/client/renderer/ActiveRenderInfo;getBlockStateAtEntityViewpoint(Lnet/minecraft/world/World;Lnet/minecraft/entity/Entity;F)Lnet/minecraft/block/state/IBlockState;": "Lnet/minecraft/client/renderer/ActiveRenderInfo;func_186703_a(Lnet/minecraft/world/World;Lnet/minecraft/entity/Entity;F)Lnet/minecraft/block/state/IBlockState;",
        "Lnet/minecraft/client/multiplayer/WorldClient;getEntitiesInAABBexcluding(Lnet/minecraft/entity/Entity;Lnet/minecraft/util/math/AxisAlignedBB;Lcom/google/common/base/Predicate;)Ljava/util/List;": "Lnet/minecraft/client/multiplayer/WorldClient;func_175674_a(Lnet/minecraft/entity/Entity;Lnet/minecraft/util/math/AxisAlignedBB;Lcom/google/common/base/Predicate;)Ljava/util/List;",
        "Lnet/minecraft/client/entity/EntityPlayerSP;prevTimeInPortal:F": "Lnet/minecraft/client/entity/EntityPlayerSP;field_71080_cy:F",
        "setupCameraTransform": "Lnet/minecraft/client/renderer/EntityRenderer;func_78479_a(FI)V",
        "renderItemActivation": "Lnet/minecraft/client/renderer/EntityRenderer;func_190563_a(IIF)V",
        "orientCamera": "Lnet/minecraft/client/renderer/EntityRenderer;func_78467_g(F)V",
        "getMouseOver(F)V": "Lnet/minecraft/client/renderer/EntityRenderer;func_78473_a(F)V",
        "getMouseOver": "Lnet/minecraft/client/renderer/EntityRenderer;func_78473_a(F)V"
      },
      "me/earth/phobos/mixin/mixins/MixinMinecraft": {
        "sendClickBlockToController": "Lnet/minecraft/client/Minecraft;func_147115_a(Z)V",
        "runGameLoop": "Lnet/minecraft/client/Minecraft;func_71411_J()V",
        "Lnet/minecraft/client/Minecraft;displayCrashReport(Lnet/minecraft/crash/CrashReport;)V": "Lnet/minecraft/client/Minecraft;func_71377_b(Lnet/minecraft/crash/CrashReport;)V",
        "Lnet/minecraft/client/multiplayer/PlayerControllerMP;getIsHittingBlock()Z": "Lnet/minecraft/client/multiplayer/PlayerControllerMP;func_181040_m()Z",
        "run": "Lnet/minecraft/client/Minecraft;func_99999_d()V",
        "Lnet/minecraft/client/Minecraft;getLimitFramerate()I": "Lnet/minecraft/client/Minecraft;func_90020_K()I",
        "runTick": "Lnet/minecraft/client/Minecraft;func_71407_l()V",
        "Lnet/minecraft/client/multiplayer/WorldClient;doVoidFogParticles(III)V": "Lnet/minecraft/client/multiplayer/WorldClient;func_73029_E(III)V",
        "rightClickMouse": "Lnet/minecraft/client/Minecraft;func_147121_ag()V",
        "shutdown": "Lnet/minecraft/client/Minecraft;func_71400_g()V",
        "Lnet/minecraft/client/entity/EntityPlayerSP;isHandActive()Z": "Lnet/minecraft/client/entity/EntityPlayerSP;func_184587_cr()Z"
      },
      "me/earth/phobos/mixin/mixins/MixinKeyBinding": {
        "isKeyDown": "Lnet/minecraft/client/settings/KeyBinding;func_151470_d()Z"
      },
      "me/earth/phobos/mixin/mixins/MixinGuiIngame": {
        "renderPortal": "Lnet/minecraft/client/gui/GuiIngame;func_180474_b(FLnet/minecraft/client/gui/ScaledResolution;)V",
        "renderPotionEffects": "Lnet/minecraft/client/gui/GuiIngame;func_184048_a(Lnet/minecraft/client/gui/ScaledResolution;)V",
        "renderPumpkinOverlay": "Lnet/minecraft/client/gui/GuiIngame;func_180476_e(Lnet/minecraft/client/gui/ScaledResolution;)V"
      },
      "me/earth/phobos/mixin/mixins/MixinBlockLiquid": {
        "getCollisionBoundingBox": "Lnet/minecraft/block/BlockLiquid;func_180646_a(Lnet/minecraft/block/state/IBlockState;Lnet/minecraft/world/IBlockAccess;Lnet/minecraft/util/math/BlockPos;)Lnet/minecraft/util/math/AxisAlignedBB;",
        "canCollideCheck": "Lnet/minecraft/block/BlockLiquid;func_176209_a(Lnet/minecraft/block/state/IBlockState;Z)Z"
      },
      "me/earth/phobos/mixin/mixins/MixinRenderLivingBase": {
        "Lnet/minecraft/client/model/ModelBase;render(Lnet/minecraft/entity/Entity;FFFFFF)V": "Lnet/minecraft/client/model/ModelBase;func_78088_a(Lnet/minecraft/entity/Entity;FFFFFF)V",
        "doRender": "Lnet/minecraft/client/renderer/entity/RenderLivingBase;func_76986_a(Lnet/minecraft/entity/EntityLivingBase;DDDFF)V",
        "renderModel": "Lnet/minecraft/client/renderer/entity/RenderLivingBase;func_77036_a(Lnet/minecraft/entity/EntityLivingBase;FFFFFF)V"
      },
      "me/earth/phobos/mixin/mixins/MixinRenderPlayer": {
        "renderEntityName": "Lnet/minecraft/client/renderer/entity/RenderPlayer;func_188296_a(Lnet/minecraft/client/entity/AbstractClientPlayer;DDDLjava/lang/String;D)V"
      },
      "me/earth/phobos/mixin/mixins/MixinBlock": {
        "addCollisionBoxToList(Lnet/minecraft/block/state/IBlockState;Lnet/minecraft/world/World;Lnet/minecraft/util/math/BlockPos;Lnet/minecraft/util/math/AxisAlignedBB;Ljava/util/List;Lnet/minecraft/entity/Entity;Z)V": "Lnet/minecraft/block/Block;func_185477_a(Lnet/minecraft/block/state/IBlockState;Lnet/minecraft/world/World;Lnet/minecraft/util/math/BlockPos;Lnet/minecraft/util/math/AxisAlignedBB;Ljava/util/List;Lnet/minecraft/entity/Entity;Z)V",
        "isFullCube": "Lnet/minecraft/block/Block;func_149686_d(Lnet/minecraft/block/state/IBlockState;)Z"
      },
      "me/earth/phobos/mixin/mixins/MixinBlockFluidRenderer": {
        "renderFluid": "Lnet/minecraft/client/renderer/BlockFluidRenderer;func_178270_a(Lnet/minecraft/world/IBlockAccess;Lnet/minecraft/block/state/IBlockState;Lnet/minecraft/util/math/BlockPos;Lnet/minecraft/client/renderer/BufferBuilder;)Z"
      },
      "me/earth/phobos/mixin/mixins/MixinVisGraph": {
        "setOpaqueCube": "Lnet/minecraft/client/renderer/chunk/VisGraph;func_178606_a(Lnet/minecraft/util/math/BlockPos;)V"
      },
      "me/earth/phobos/mixin/mixins/MixinFontRenderer": {
        "Lnet/minecraft/client/gui/FontRenderer;renderString(Ljava/lang/String;FFIZ)I": "Lnet/minecraft/client/gui/FontRenderer;func_180455_b(Ljava/lang/String;FFIZ)I",
        "drawString(Ljava/lang/String;FFIZ)I": "Lnet/minecraft/client/gui/FontRenderer;func_175065_a(Ljava/lang/String;FFIZ)I"
      },
      "me/earth/phobos/mixin/mixins/MixinGuiNewChat": {
        "drawChat": "Lnet/minecraft/client/gui/GuiNewChat;func_146230_a(I)V",
        "setChatLine": "Lnet/minecraft/client/gui/GuiNewChat;func_146237_a(Lnet/minecraft/util/text/ITextComponent;IIZ)V",
        "Lnet/minecraft/client/gui/GuiNewChat;drawRect(IIIII)V": "Lnet/minecraft/client/gui/GuiNewChat;func_73734_a(IIIII)V"
      },
      "me/earth/phobos/mixin/mixins/MixinWorld": {
        "Lnet/minecraft/entity/Entity;isPushedByWater()Z": "Lnet/minecraft/entity/Entity;func_96092_aw()Z",
        "getEntitiesWithinAABB(Ljava/lang/Class;Lnet/minecraft/util/math/AxisAlignedBB;Lcom/google/common/base/Predicate;)Ljava/util/List;": "Lnet/minecraft/world/World;func_175647_a(Ljava/lang/Class;Lnet/minecraft/util/math/AxisAlignedBB;Lcom/google/common/base/Predicate;)Ljava/util/List;",
        "checkLightFor": "Lnet/minecraft/world/World;func_180500_c(Lnet/minecraft/world/EnumSkyBlock;Lnet/minecraft/util/math/BlockPos;)Z",
        "onEntityAdded": "Lnet/minecraft/world/World;func_72923_a(Lnet/minecraft/entity/Entity;)V",
        "Lnet/minecraft/world/chunk/Chunk;getEntitiesOfTypeWithinAABB(Ljava/lang/Class;Lnet/minecraft/util/math/AxisAlignedBB;Ljava/util/List;Lcom/google/common/base/Predicate;)V": "Lnet/minecraft/world/chunk/Chunk;func_177430_a(Ljava/lang/Class;Lnet/minecraft/util/math/AxisAlignedBB;Ljava/util/List;Lcom/google/common/base/Predicate;)V",
        "handleMaterialAcceleration": "Lnet/minecraft/world/World;func_72918_a(Lnet/minecraft/util/math/AxisAlignedBB;Lnet/minecraft/block/material/Material;Lnet/minecraft/entity/Entity;)Z"
      },
      "me/earth/phobos/mixin/mixins/MixinPlayerControllerMP": {
        "resetBlockRemoving": "Lnet/minecraft/client/multiplayer/PlayerControllerMP;func_78767_c()V",
        "clickBlock": "Lnet/minecraft/client/multiplayer/PlayerControllerMP;func_180511_b(Lnet/minecraft/util/math/BlockPos;Lnet/minecraft/util/EnumFacing;)Z",
        "getBlockReachDistance": "Lnet/minecraft/client/multiplayer/PlayerControllerMP;func_78757_d()F",
        "onPlayerDamageBlock": "Lnet/minecraft/client/multiplayer/PlayerControllerMP;func_180512_c(Lnet/minecraft/util/math/BlockPos;Lnet/minecraft/util/EnumFacing;)Z",
        "Lnet/minecraft/item/ItemBlock;canPlaceBlockOnSide(Lnet/minecraft/world/World;Lnet/minecraft/util/math/BlockPos;Lnet/minecraft/util/EnumFacing;Lnet/minecraft/entity/player/EntityPlayer;Lnet/minecraft/item/ItemStack;)Z": "Lnet/minecraft/item/ItemBlock;func_179222_a(Lnet/minecraft/world/World;Lnet/minecraft/util/math/BlockPos;Lnet/minecraft/util/EnumFacing;Lnet/minecraft/entity/player/EntityPlayer;Lnet/minecraft/item/ItemStack;)Z",
        "Lnet/minecraft/block/state/IBlockState;getPlayerRelativeBlockHardness(Lnet/minecraft/entity/player/EntityPlayer;Lnet/minecraft/world/World;Lnet/minecraft/util/math/BlockPos;)F": "Lnet/minecraft/block/state/IBlockState;func_185903_a(Lnet/minecraft/entity/player/EntityPlayer;Lnet/minecraft/world/World;Lnet/minecraft/util/math/BlockPos;)F",
        "processRightClickBlock": "Lnet/minecraft/client/multiplayer/PlayerControllerMP;func_187099_a(Lnet/minecraft/client/entity/EntityPlayerSP;Lnet/minecraft/client/multiplayer/WorldClient;Lnet/minecraft/util/math/BlockPos;Lnet/minecraft/util/EnumFacing;Lnet/minecraft/util/math/Vec3d;Lnet/minecraft/util/EnumHand;)Lnet/minecraft/util/EnumActionResult;"
      },
      "me/earth/phobos/mixin/mixins/MixinItemFood": {
        "onItemUseFinish": "Lnet/minecraft/item/ItemFood;func_77654_b(Lnet/minecraft/item/ItemStack;Lnet/minecraft/world/World;Lnet/minecraft/entity/EntityLivingBase;)Lnet/minecraft/item/ItemStack;"
      },
      "me/earth/phobos/mixin/mixins/MixinRenderGlobal": {
        "drawSelectionBox": "Lnet/minecraft/client/renderer/RenderGlobal;func_72731_b(Lnet/minecraft/entity/player/EntityPlayer;Lnet/minecraft/util/math/RayTraceResult;IF)V",
        "setupTerrain": "Lnet/minecraft/client/renderer/RenderGlobal;func_174970_a(Lnet/minecraft/entity/Entity;DLnet/minecraft/client/renderer/culling/ICamera;IZ)V",
        "renderEntities": "Lnet/minecraft/client/renderer/RenderGlobal;func_180446_a(Lnet/minecraft/entity/Entity;Lnet/minecraft/client/renderer/culling/ICamera;F)V",
        "Lnet/minecraft/util/math/AxisAlignedBB;offset(DDD)Lnet/minecraft/util/math/AxisAlignedBB;": "Lnet/minecraft/util/math/AxisAlignedBB;func_72317_d(DDD)Lnet/minecraft/util/math/AxisAlignedBB;",
        "Lnet/minecraft/client/renderer/entity/RenderManager;setRenderPosition(DDD)V": "Lnet/minecraft/client/renderer/entity/RenderManager;func_178628_a(DDD)V",
        "Lnet/minecraft/client/renderer/ChunkRenderContainer;initialize(DDD)V": "Lnet/minecraft/client/renderer/ChunkRenderContainer;func_178004_a(DDD)V"
      },
      "me/earth/phobos/mixin/mixins/MixinBlockModelRenderer": {
        "renderModel(Lnet/minecraft/world/IBlockAccess;Lnet/minecraft/client/renderer/block/model/IBakedModel;Lnet/minecraft/block/state/IBlockState;Lnet/minecraft/util/math/BlockPos;Lnet/minecraft/client/renderer/BufferBuilder;ZJ)Z": "Lnet/minecraft/client/renderer/BlockModelRenderer;func_187493_a(Lnet/minecraft/world/IBlockAccess;Lnet/minecraft/client/renderer/block/model/IBakedModel;Lnet/minecraft/block/state/IBlockState;Lnet/minecraft/util/math/BlockPos;Lnet/minecraft/client/renderer/BufferBuilder;ZJ)Z",
        "Lnet/minecraft/client/renderer/BlockModelRenderer;renderModelFlat(Lnet/minecraft/world/IBlockAccess;Lnet/minecraft/client/renderer/block/model/IBakedModel;Lnet/minecraft/block/state/IBlockState;Lnet/minecraft/util/math/BlockPos;Lnet/minecraft/client/renderer/BufferBuilder;ZJ)Z": "Lnet/minecraft/client/renderer/BlockModelRenderer;func_187497_c(Lnet/minecraft/world/IBlockAccess;Lnet/minecraft/client/renderer/block/model/IBakedModel;Lnet/minecraft/block/state/IBlockState;Lnet/minecraft/util/math/BlockPos;Lnet/minecraft/client/renderer/BufferBuilder;ZJ)Z",
        "Lnet/minecraft/client/renderer/BlockModelRenderer;renderModelSmooth(Lnet/minecraft/world/IBlockAccess;Lnet/minecraft/client/renderer/block/model/IBakedModel;Lnet/minecraft/block/state/IBlockState;Lnet/minecraft/util/math/BlockPos;Lnet/minecraft/client/renderer/BufferBuilder;ZJ)Z": "Lnet/minecraft/client/renderer/BlockModelRenderer;func_187498_b(Lnet/minecraft/world/IBlockAccess;Lnet/minecraft/client/renderer/block/model/IBakedModel;Lnet/minecraft/block/state/IBlockState;Lnet/minecraft/util/math/BlockPos;Lnet/minecraft/client/renderer/BufferBuilder;ZJ)Z",
        "renderModel": "Lnet/minecraft/client/renderer/BlockModelRenderer;func_178267_a(Lnet/minecraft/world/IBlockAccess;Lnet/minecraft/client/renderer/block/model/IBakedModel;Lnet/minecraft/block/state/IBlockState;Lnet/minecraft/util/math/BlockPos;Lnet/minecraft/client/renderer/BufferBuilder;Z)Z"
      },
      "me/earth/phobos/mixin/mixins/MixinGuiScreen": {
        "renderToolTip": "Lnet/minecraft/client/gui/GuiScreen;func_146285_a(Lnet/minecraft/item/ItemStack;II)V"
      },
      "me/earth/phobos/mixin/mixins/MixinEntityPlayer": {
        "getPortalCooldown": "Lnet/minecraft/entity/player/EntityPlayer;func_82147_ab()I",
        "isEntityInsideOpaqueBlock": "Lnet/minecraft/entity/player/EntityPlayer;func_70094_T()Z",
        "getCooldownPeriod": "Lnet/minecraft/entity/player/EntityPlayer;func_184818_cX()F"
      },
      "me/earth/phobos/mixin/mixins/MixinEntity": {
        "applyEntityCollision": "Lnet/minecraft/entity/Entity;func_70108_f(Lnet/minecraft/entity/Entity;)V",
        "Lnet/minecraft/entity/Entity;getMaxInPortalTime()I": "Lnet/minecraft/entity/Entity;func_82145_z()I",
        "Lnet/minecraft/entity/Entity;addVelocity(DDD)V": "Lnet/minecraft/entity/Entity;func_70024_g(DDD)V",
        "onEntityUpdate": "Lnet/minecraft/entity/Entity;func_70030_z()V"
      },
      "me/earth/phobos/mixin/mixins/MixinGuiPlayerTabOverlay": {
        "renderPlayerlist": "Lnet/minecraft/client/gui/GuiPlayerTabOverlay;func_175249_a(ILnet/minecraft/scoreboard/Scoreboard;Lnet/minecraft/scoreboard/ScoreObjective;)V",
        "getPlayerName": "Lnet/minecraft/client/gui/GuiPlayerTabOverlay;func_175243_a(Lnet/minecraft/client/network/NetworkPlayerInfo;)Ljava/lang/String;"
      }
    }
  }
}