{
  "me/earth/phobos/Phobos": 52,
  "me/earth/phobos/event/EventStage": 52,
  "me/earth/phobos/event/events/BlockEvent": 52,
  "me/earth/phobos/event/events/ChatEvent": 52,
  "me/earth/phobos/event/events/ClientEvent": 52,
  "me/earth/phobos/event/events/ConnectionEvent": 52,
  "me/earth/phobos/event/events/DeathEvent": 52,
  "me/earth/phobos/event/events/JesusEvent": 52,
  "me/earth/phobos/event/events/KeyEvent": 52,
  "me/earth/phobos/event/events/MoveEvent": 52,
  "me/earth/phobos/event/events/PacketEvent": 52,
  "me/earth/phobos/event/events/PacketEvent$Receive": 52,
  "me/earth/phobos/event/events/PacketEvent$Send": 52,
  "me/earth/phobos/event/events/ProcessRightClickBlockEvent": 52,
  "me/earth/phobos/event/events/PushEvent": 52,
  "me/earth/phobos/event/events/Render2DEvent": 52,
  "me/earth/phobos/event/events/Render3DEvent": 52,
  "me/earth/phobos/event/events/RenderEntityModelEvent": 52,
  "me/earth/phobos/event/events/TotemPopEvent": 52,
  "me/earth/phobos/event/events/UpdateWalkingPlayerEvent": 52,
  "me/earth/phobos/features/Feature": 52,
  "me/earth/phobos/features/command/Command": 52,
  "me/earth/phobos/features/command/Command$ChatMessage": 52,
  "me/earth/phobos/features/command/commands/BindCommand": 52,
  "me/earth/phobos/features/command/commands/BookCommand": 52,
  "me/earth/phobos/features/command/commands/ConfigCommand": 52,
  "me/earth/phobos/features/command/commands/CrashCommand": 52,
  "me/earth/phobos/features/command/commands/CrashCommand$1": 52,
  "me/earth/phobos/features/command/commands/FriendCommand": 52,
  "me/earth/phobos/features/command/commands/HelpCommand": 52,
  "me/earth/phobos/features/command/commands/HistoryCommand": 52,
  "me/earth/phobos/features/command/commands/ModuleCommand": 52,
  "me/earth/phobos/features/command/commands/PeekCommand": 52,
  "me/earth/phobos/features/command/commands/PrefixCommand": 52,
  "me/earth/phobos/features/command/commands/ReloadCommand": 52,
  "me/earth/phobos/features/command/commands/ReloadSoundCommand": 52,
  "me/earth/phobos/features/command/commands/UnloadCommand": 52,
  "me/earth/phobos/features/command/commands/XrayCommand": 52,
  "me/earth/phobos/features/gui/PhobosGui": 52,
  "me/earth/phobos/features/gui/PhobosGui$1": 52,
  "me/earth/phobos/features/gui/components/Component": 52,
  "me/earth/phobos/features/gui/components/items/Item": 52,
  "me/earth/phobos/features/gui/components/items/buttons/BindButton": 52,
  "me/earth/phobos/features/gui/components/items/buttons/BooleanButton": 52,
  "me/earth/phobos/features/gui/components/items/buttons/Button": 52,
  "me/earth/phobos/features/gui/components/items/buttons/EnumButton": 52,
  "me/earth/phobos/features/gui/components/items/buttons/ModuleButton": 52,
  "me/earth/phobos/features/gui/components/items/buttons/Slider": 52,
  "me/earth/phobos/features/gui/components/items/buttons/StringButton": 52,
  "me/earth/phobos/features/gui/components/items/buttons/StringButton$CurrentString": 52,
  "me/earth/phobos/features/gui/components/items/buttons/UnlimitedSlider": 52,
  "me/earth/phobos/features/gui/font/CFont": 52,
  "me/earth/phobos/features/gui/font/CFont$CharData": 52,
  "me/earth/phobos/features/gui/font/CustomFont": 52,
  "me/earth/phobos/features/modules/Module": 52,
  "me/earth/phobos/features/modules/Module$Category": 52,
  "me/earth/phobos/features/modules/client/ClickGui": 52,
  "me/earth/phobos/features/modules/client/Components": 52,
  "me/earth/phobos/features/modules/client/Components$Compass": 52,
  "me/earth/phobos/features/modules/client/Components$Direction": 52,
  "me/earth/phobos/features/modules/client/FontMod": 52,
  "me/earth/phobos/features/modules/client/HUD": 52,
  "me/earth/phobos/features/modules/client/HUD$1": 52,
  "me/earth/phobos/features/modules/client/HUD$Greeter": 52,
  "me/earth/phobos/features/modules/client/HUD$LagNotify": 52,
  "me/earth/phobos/features/modules/client/HUD$WaterMark": 52,
  "me/earth/phobos/features/modules/client/Managers": 52,
  "me/earth/phobos/features/modules/client/Notifications": 52,
  "me/earth/phobos/features/modules/client/PingBypass": 52,
  "me/earth/phobos/features/modules/client/StreamerMode": 52,
  "me/earth/phobos/features/modules/client/StreamerMode$SecondScreen": 52,
  "me/earth/phobos/features/modules/client/StreamerMode$SecondScreenFrame": 52,
  "me/earth/phobos/features/modules/combat/AntiTrap": 52,
  "me/earth/phobos/features/modules/combat/AntiTrap$1": 52,
  "me/earth/phobos/features/modules/combat/AntiTrap$Rotate": 52,
  "me/earth/phobos/features/modules/combat/ArmorMessage": 52,
  "me/earth/phobos/features/modules/combat/Auto32k": 52,
  "me/earth/phobos/features/modules/combat/Auto32k$1": 52,
  "me/earth/phobos/features/modules/combat/Auto32k$DispenserData": 52,
  "me/earth/phobos/features/modules/combat/Auto32k$Mode": 52,
  "me/earth/phobos/features/modules/combat/Auto32k$PlaceType": 52,
  "me/earth/phobos/features/modules/combat/Auto32k$Step": 52,
  "me/earth/phobos/features/modules/combat/AutoArmor": 52,
  "me/earth/phobos/features/modules/combat/AutoCrystal": 52,
  "me/earth/phobos/features/modules/combat/AutoCrystal$1": 52,
  "me/earth/phobos/features/modules/combat/AutoCrystal$AutoSwitch": 52,
  "me/earth/phobos/features/modules/combat/AutoCrystal$DamageSync": 52,
  "me/earth/phobos/features/modules/combat/AutoCrystal$Logic": 52,
  "me/earth/phobos/features/modules/combat/AutoCrystal$Raytrace": 52,
  "me/earth/phobos/features/modules/combat/AutoCrystal$Rotate": 52,
  "me/earth/phobos/features/modules/combat/AutoCrystal$Settings": 52,
  "me/earth/phobos/features/modules/combat/AutoCrystal$Switch": 52,
  "me/earth/phobos/features/modules/combat/AutoCrystal$Target": 52,
  "me/earth/phobos/features/modules/combat/AutoTrap": 52,
  "me/earth/phobos/features/modules/combat/AutoTrap$1": 52,
  "me/earth/phobos/features/modules/combat/AutoTrap$Pattern": 52,
  "me/earth/phobos/features/modules/combat/AutoTrap$TargetMode": 52,
  "me/earth/phobos/features/modules/combat/BedBomb": 52,
  "me/earth/phobos/features/modules/combat/BowSpam": 52,
  "me/earth/phobos/features/modules/combat/BowSpam$1": 52,
  "me/earth/phobos/features/modules/combat/BowSpam$Mode": 52,
  "me/earth/phobos/features/modules/combat/BowSpam$Target": 52,
  "me/earth/phobos/features/modules/combat/Crasher": 52,
  "me/earth/phobos/features/modules/combat/Crasher$Mode": 52,
  "me/earth/phobos/features/modules/combat/Criticals": 52,
  "me/earth/phobos/features/modules/combat/Criticals$Mode": 52,
  "me/earth/phobos/features/modules/combat/HoleFiller": 52,
  "me/earth/phobos/features/modules/combat/HoleFiller$1": 52,
  "me/earth/phobos/features/modules/combat/HoleFiller$Mode": 52,
  "me/earth/phobos/features/modules/combat/Killaura": 52,
  "me/earth/phobos/features/modules/combat/Killaura$TargetMode": 52,
  "me/earth/phobos/features/modules/combat/Offhand": 52,
  "me/earth/phobos/features/modules/combat/Offhand$1": 52,
  "me/earth/phobos/features/modules/combat/Offhand$Mode": 52,
  "me/earth/phobos/features/modules/combat/Offhand$Mode2": 52,
  "me/earth/phobos/features/modules/combat/Offhand$NameMode": 52,
  "me/earth/phobos/features/modules/combat/Offhand$Type": 52,
  "me/earth/phobos/features/modules/combat/Selftrap": 52,
  "me/earth/phobos/features/modules/combat/Selftrap$1": 52,
  "me/earth/phobos/features/modules/combat/Selftrap$Mode": 52,
  "me/earth/phobos/features/modules/combat/Surround": 52,
  "me/earth/phobos/features/modules/combat/Surround$1": 52,
  "me/earth/phobos/features/modules/combat/Surround$MovementMode": 52,
  "me/earth/phobos/features/modules/combat/Webaura": 52,
  "me/earth/phobos/features/modules/combat/Webaura$TargetMode": 52,
  "me/earth/phobos/features/modules/misc/Announcer": 52,
  "me/earth/phobos/features/modules/misc/Announcer$Action": 52,
  "me/earth/phobos/features/modules/misc/Announcer$Message": 52,
  "me/earth/phobos/features/modules/misc/AntiPackets": 52,
  "me/earth/phobos/features/modules/misc/AntiPackets$Mode": 52,
  "me/earth/phobos/features/modules/misc/AntiVanish": 52,
  "me/earth/phobos/features/modules/misc/AutoLog": 52,
  "me/earth/phobos/features/modules/misc/AutoReconnect": 52,
  "me/earth/phobos/features/modules/misc/AutoReconnect$GuiDisconnectedHook": 52,
  "me/earth/phobos/features/modules/misc/AutoRespawn": 52,
  "me/earth/phobos/features/modules/misc/BetterPortals": 52,
  "me/earth/phobos/features/modules/misc/BuildHeight": 52,
  "me/earth/phobos/features/modules/misc/Bypass": 52,
  "me/earth/phobos/features/modules/misc/ChatModifier": 52,
  "me/earth/phobos/features/modules/misc/ChatModifier$1": 52,
  "me/earth/phobos/features/modules/misc/ChatModifier$Suffix": 52,
  "me/earth/phobos/features/modules/misc/Exploits": 52,
  "me/earth/phobos/features/modules/misc/Exploits$1": 52,
  "me/earth/phobos/features/modules/misc/Exploits$Mode": 52,
  "me/earth/phobos/features/modules/misc/ExtraTab": 52,
  "me/earth/phobos/features/modules/misc/KitDelete": 52,
  "me/earth/phobos/features/modules/misc/Logger": 52,
  "me/earth/phobos/features/modules/misc/Logger$Packets": 52,
  "me/earth/phobos/features/modules/misc/MCF": 52,
  "me/earth/phobos/features/modules/misc/MobOwner": 52,
  "me/earth/phobos/features/modules/misc/NoAFK": 52,
  "me/earth/phobos/features/modules/misc/NoHandShake": 52,
  "me/earth/phobos/features/modules/misc/NoRotate": 52,
  "me/earth/phobos/features/modules/misc/NoSoundLag": 52,
  "me/earth/phobos/features/modules/misc/Nuker": 52,
  "me/earth/phobos/features/modules/misc/Nuker$1": 52,
  "me/earth/phobos/features/modules/misc/Nuker$Mode": 52,
  "me/earth/phobos/features/modules/misc/OffhandCrash": 52,
  "me/earth/phobos/features/modules/misc/PingSpoof": 52,
  "me/earth/phobos/features/modules/misc/Spammer": 52,
  "me/earth/phobos/features/modules/misc/Spammer$1": 52,
  "me/earth/phobos/features/modules/misc/Spammer$DelayType": 52,
  "me/earth/phobos/features/modules/misc/Spammer$Mode": 52,
  "me/earth/phobos/features/modules/misc/Spammer$PwordMode": 52,
  "me/earth/phobos/features/modules/misc/ToolTips": 52,
  "me/earth/phobos/features/modules/misc/Tracker": 52,
  "me/earth/phobos/features/modules/movement/AntiLevitate": 52,
  "me/earth/phobos/features/modules/movement/ElytraFlight": 52,
  "me/earth/phobos/features/modules/movement/ElytraFlight$1": 52,
  "me/earth/phobos/features/modules/movement/ElytraFlight$Mode": 52,
  "me/earth/phobos/features/modules/movement/Flight": 52,
  "me/earth/phobos/features/modules/movement/Flight$1": 52,
  "me/earth/phobos/features/modules/movement/Flight$Fly": 52,
  "me/earth/phobos/features/modules/movement/Flight$Format": 52,
  "me/earth/phobos/features/modules/movement/Flight$Mode": 52,
  "me/earth/phobos/features/modules/movement/Flight$PacketMode": 52,
  "me/earth/phobos/features/modules/movement/HoleTP": 52,
  "me/earth/phobos/features/modules/movement/HoleTP$Mode": 52,
  "me/earth/phobos/features/modules/movement/IceSpeed": 52,
  "me/earth/phobos/features/modules/movement/NoFall": 52,
  "me/earth/phobos/features/modules/movement/NoFall$1": 52,
  "me/earth/phobos/features/modules/movement/NoFall$Mode": 52,
  "me/earth/phobos/features/modules/movement/NoFall$State": 52,
  "me/earth/phobos/features/modules/movement/NoFall$State$1": 52,
  "me/earth/phobos/features/modules/movement/NoFall$State$2": 52,
  "me/earth/phobos/features/modules/movement/NoFall$State$3": 52,
  "me/earth/phobos/features/modules/movement/NoFall$State$4": 52,
  "me/earth/phobos/features/modules/movement/NoFall$State$5": 52,
  "me/earth/phobos/features/modules/movement/NoSlowDown": 52,
  "me/earth/phobos/features/modules/movement/Phase": 52,
  "me/earth/phobos/features/modules/movement/Phase$Mode": 52,
  "me/earth/phobos/features/modules/movement/Phase$PacketFlyMode": 52,
  "me/earth/phobos/features/modules/movement/SafeWalk": 52,
  "me/earth/phobos/features/modules/movement/Speed": 52,
  "me/earth/phobos/features/modules/movement/Speed$1": 52,
  "me/earth/phobos/features/modules/movement/Speed$Mode": 52,
  "me/earth/phobos/features/modules/movement/Sprint": 52,
  "me/earth/phobos/features/modules/movement/Sprint$1": 52,
  "me/earth/phobos/features/modules/movement/Sprint$Mode": 52,
  "me/earth/phobos/features/modules/movement/Static": 52,
  "me/earth/phobos/features/modules/movement/Static$1": 52,
  "me/earth/phobos/features/modules/movement/Static$Mode": 52,
  "me/earth/phobos/features/modules/movement/Step": 52,
  "me/earth/phobos/features/modules/movement/Strafe": 52,
  "me/earth/phobos/features/modules/movement/Strafe$Mode": 52,
  "me/earth/phobos/features/modules/movement/TPSpeed": 52,
  "me/earth/phobos/features/modules/movement/TPSpeed$Mode": 52,
  "me/earth/phobos/features/modules/movement/Velocity": 52,
  "me/earth/phobos/features/modules/player/Blink": 52,
  "me/earth/phobos/features/modules/player/Blink$Mode": 52,
  "me/earth/phobos/features/modules/player/BlockTweaks": 52,
  "me/earth/phobos/features/modules/player/EchestBP": 52,
  "me/earth/phobos/features/modules/player/FakePlayer": 52,
  "me/earth/phobos/features/modules/player/FastPlace": 52,
  "me/earth/phobos/features/modules/player/FastPlace$1": 52,
  "me/earth/phobos/features/modules/player/Freecam": 52,
  "me/earth/phobos/features/modules/player/Jesus": 52,
  "me/earth/phobos/features/modules/player/Jesus$EventMode": 52,
  "me/earth/phobos/features/modules/player/Jesus$Mode": 52,
  "me/earth/phobos/features/modules/player/LiquidInteract": 52,
  "me/earth/phobos/features/modules/player/MCP": 52,
  "me/earth/phobos/features/modules/player/MCP$Mode": 52,
  "me/earth/phobos/features/modules/player/MultiTask": 52,
  "me/earth/phobos/features/modules/player/NoHunger": 52,
  "me/earth/phobos/features/modules/player/Reach": 52,
  "me/earth/phobos/features/modules/player/Replenish": 52,
  "me/earth/phobos/features/modules/player/Scaffold": 52,
  "me/earth/phobos/features/modules/player/Speedmine": 52,
  "me/earth/phobos/features/modules/player/Speedmine$1": 52,
  "me/earth/phobos/features/modules/player/Speedmine$Mode": 52,
  "me/earth/phobos/features/modules/player/TimerSpeed": 52,
  "me/earth/phobos/features/modules/player/TimerSpeed$TimerMode": 52,
  "me/earth/phobos/features/modules/player/TpsSync": 52,
  "me/earth/phobos/features/modules/player/XCarry": 52,
  "me/earth/phobos/features/modules/player/XCarry$GuiInventoryWrapper": 52,
  "me/earth/phobos/features/modules/render/BlockHighlight": 52,
  "me/earth/phobos/features/modules/render/CameraClip": 52,
  "me/earth/phobos/features/modules/render/Chams": 52,
  "me/earth/phobos/features/modules/render/ESP": 52,
  "me/earth/phobos/features/modules/render/ESP$Mode": 52,
  "me/earth/phobos/features/modules/render/Fullbright": 52,
  "me/earth/phobos/features/modules/render/Fullbright$Mode": 52,
  "me/earth/phobos/features/modules/render/HoleESP": 52,
  "me/earth/phobos/features/modules/render/LogoutSpots": 52,
  "me/earth/phobos/features/modules/render/LogoutSpots$LogoutPos": 52,
  "me/earth/phobos/features/modules/render/Nametags": 52,
  "me/earth/phobos/features/modules/render/NoRender": 52,
  "me/earth/phobos/features/modules/render/NoRender$Boss": 52,
  "me/earth/phobos/features/modules/render/NoRender$Fog": 52,
  "me/earth/phobos/features/modules/render/NoRender$NoArmor": 52,
  "me/earth/phobos/features/modules/render/NoRender$Pair": 52,
  "me/earth/phobos/features/modules/render/NoRender$Skylight": 52,
  "me/earth/phobos/features/modules/render/PortalESP": 52,
  "me/earth/phobos/features/modules/render/Ranges": 52,
  "me/earth/phobos/features/modules/render/Skeleton": 52,
  "me/earth/phobos/features/modules/render/SmallShield": 52,
  "me/earth/phobos/features/modules/render/StorageESP": 52,
  "me/earth/phobos/features/modules/render/Tracer": 52,
  "me/earth/phobos/features/modules/render/Trajectories": 52,
  "me/earth/phobos/features/modules/render/XRay": 52,
  "me/earth/phobos/features/notifications/Notifications": 52,
  "me/earth/phobos/features/setting/Bind": 52,
  "me/earth/phobos/features/setting/Bind$BindConverter": 52,
  "me/earth/phobos/features/setting/EnumConverter": 52,
  "me/earth/phobos/features/setting/Setting": 52,
  "me/earth/phobos/manager/ColorManager": 52,
  "me/earth/phobos/manager/CommandManager": 52,
  "me/earth/phobos/manager/ConfigManager": 52,
  "me/earth/phobos/manager/EventManager": 52,
  "me/earth/phobos/manager/EventManager$1": 52,
  "me/earth/phobos/manager/FileManager": 52,
  "me/earth/phobos/manager/FriendManager": 52,
  "me/earth/phobos/manager/FriendManager$Friend": 52,
  "me/earth/phobos/manager/HoleManager": 52,
  "me/earth/phobos/manager/InventoryManager": 52,
  "me/earth/phobos/manager/ModuleManager": 52,
  "me/earth/phobos/manager/NotificationManager": 52,
  "me/earth/phobos/manager/PacketManager": 52,
  "me/earth/phobos/manager/PositionManager": 52,
  "me/earth/phobos/manager/PotionManager": 52,
  "me/earth/phobos/manager/PotionManager$PotionList": 52,
  "me/earth/phobos/manager/ReloadManager": 52,
  "me/earth/phobos/manager/RotationManager": 52,
  "me/earth/phobos/manager/ServerManager": 52,
  "me/earth/phobos/manager/SpeedManager": 52,
  "me/earth/phobos/manager/TextManager": 52,
  "me/earth/phobos/manager/TimerManager": 52,
  "me/earth/phobos/manager/TotemPopManager": 52,
  "me/earth/phobos/mixin/PhobosMixinLoader": 52,
  "me/earth/phobos/mixin/mixins/MixinBlock": 52,
  "me/earth/phobos/mixin/mixins/MixinBlockFluidRenderer": 52,
  "me/earth/phobos/mixin/mixins/MixinBlockLiquid": 52,
  "me/earth/phobos/mixin/mixins/MixinBlockModelRenderer": 52,
  "me/earth/phobos/mixin/mixins/MixinBlockSoulSand": 52,
  "me/earth/phobos/mixin/mixins/MixinEntity": 52,
  "me/earth/phobos/mixin/mixins/MixinEntityLivingBase": 52,
  "me/earth/phobos/mixin/mixins/MixinEntityPlayer": 52,
  "me/earth/phobos/mixin/mixins/MixinEntityPlayerSP": 52,
  "me/earth/phobos/mixin/mixins/MixinEntityRenderer": 52,
  "me/earth/phobos/mixin/mixins/MixinFontRenderer": 52,
  "me/earth/phobos/mixin/mixins/MixinGuiIngame": 52,
  "me/earth/phobos/mixin/mixins/MixinGuiNewChat": 52,
  "me/earth/phobos/mixin/mixins/MixinGuiPlayerTabOverlay": 52,
  "me/earth/phobos/mixin/mixins/MixinGuiScreen": 52,
  "me/earth/phobos/mixin/mixins/MixinItemFood": 52,
  "me/earth/phobos/mixin/mixins/MixinItemRenderer": 52,
  "me/earth/phobos/mixin/mixins/MixinKeyBinding": 52,
  "me/earth/phobos/mixin/mixins/MixinLayerBipedArmor": 52,
  "me/earth/phobos/mixin/mixins/MixinLayerBipedArmor$1": 52,
  "me/earth/phobos/mixin/mixins/MixinMinecraft": 52,
  "me/earth/phobos/mixin/mixins/MixinNetworkManager": 52,
  "me/earth/phobos/mixin/mixins/MixinPlayerControllerMP": 52,
  "me/earth/phobos/mixin/mixins/MixinRender": 52,
  "me/earth/phobos/mixin/mixins/MixinRenderGlobal": 52,
  "me/earth/phobos/mixin/mixins/MixinRenderLivingBase": 52,
  "me/earth/phobos/mixin/mixins/MixinRenderPlayer": 52,
  "me/earth/phobos/mixin/mixins/MixinVisGraph": 52,
  "me/earth/phobos/mixin/mixins/MixinWorld": 52,
  "me/earth/phobos/util/BlockUtil": 52,
  "me/earth/phobos/util/ColorUtil": 52,
  "me/earth/phobos/util/ColorUtil$ColorName": 52,
  "me/earth/phobos/util/ColorUtil$Colors": 52,
  "me/earth/phobos/util/ColorUtil$HueCycler": 52,
  "me/earth/phobos/util/DamageUtil": 52,
  "me/earth/phobos/util/EntityUtil": 52,
  "me/earth/phobos/util/FileUtil": 52,
  "me/earth/phobos/util/InventoryUtil": 52,
  "me/earth/phobos/util/InventoryUtil$1": 52,
  "me/earth/phobos/util/InventoryUtil$Switch": 52,
  "me/earth/phobos/util/InventoryUtil$Task": 52,
  "me/earth/phobos/util/MathUtil": 52,
  "me/earth/phobos/util/PlayerUtil": 52,
  "me/earth/phobos/util/PlayerUtil$lookUpName": 52,
  "me/earth/phobos/util/PlayerUtil$lookUpUUID": 52,
  "me/earth/phobos/util/ReflectionUtil": 52,
  "me/earth/phobos/util/RenderUtil": 52,
  "me/earth/phobos/util/RenderUtil$GeometryMasks": 52,
  "me/earth/phobos/util/RenderUtil$GeometryMasks$Line": 52,
  "me/earth/phobos/util/RenderUtil$GeometryMasks$Quad": 52,
  "me/earth/phobos/util/RenderUtil$RenderTesselator": 52,
  "me/earth/phobos/util/RotationUtil": 52,
  "me/earth/phobos/util/TextUtil": 52,
  "me/earth/phobos/util/TextUtil$1": 52,
  "me/earth/phobos/util/TextUtil$Color": 52,
  "me/earth/phobos/util/Timer": 52,
  "me/earth/phobos/util/Util": 52,
  "org/json/simple/ItemList": 46,
  "org/json/simple/JSONArray": 46,
  "org/json/simple/JSONAware": 46,
  "org/json/simple/JSONObject": 46,
  "org/json/simple/JSONStreamAware": 46,
  "org/json/simple/JSONValue": 46,
  "org/json/simple/parser/ContainerFactory": 46,
  "org/json/simple/parser/ContentHandler": 46,
  "org/json/simple/parser/JSONParser": 46,
  "org/json/simple/parser/ParseException": 46,
  "org/json/simple/parser/Yylex": 46,
  "org/json/simple/parser/Yytoken": 46,
  "org/spongepowered/asm/bridge/RemapperAdapter": 50,
  "org/spongepowered/asm/bridge/RemapperAdapterFML": 50,
  "org/spongepowered/asm/launch/GlobalProperties": 50,
  "org/spongepowered/asm/launch/GlobalProperties$Keys": 50,
  "org/spongepowered/asm/launch/MixinBootstrap": 50,
  "org/spongepowered/asm/launch/MixinInitialisationError": 50,
  "org/spongepowered/asm/launch/MixinTweaker": 50,
  "org/spongepowered/asm/launch/platform/IMixinPlatformAgent": 50,
  "org/spongepowered/asm/launch/platform/MainAttributes": 50,
  "org/spongepowered/asm/launch/platform/MixinContainer": 50,
  "org/spongepowered/asm/launch/platform/MixinPlatformAgentAbstract": 50,
  "org/spongepowered/asm/launch/platform/MixinPlatformAgentDefault": 50,
  "org/spongepowered/asm/launch/platform/MixinPlatformAgentFML": 50,
  "org/spongepowered/asm/launch/platform/MixinPlatformManager": 50,
  "org/spongepowered/asm/lib/AnnotationVisitor": 49,
  "org/spongepowered/asm/lib/AnnotationWriter": 49,
  "org/spongepowered/asm/lib/Attribute": 49,
  "org/spongepowered/asm/lib/ByteVector": 49,
  "org/spongepowered/asm/lib/ClassReader": 49,
  "org/spongepowered/asm/lib/ClassVisitor": 49,
  "org/spongepowered/asm/lib/ClassWriter": 49,
  "org/spongepowered/asm/lib/Context": 49,
  "org/spongepowered/asm/lib/CurrentFrame": 49,
  "org/spongepowered/asm/lib/Edge": 49,
  "org/spongepowered/asm/lib/FieldVisitor": 49,
  "org/spongepowered/asm/lib/FieldWriter": 49,
  "org/spongepowered/asm/lib/Frame": 49,
  "org/spongepowered/asm/lib/Handle": 49,
  "org/spongepowered/asm/lib/Handler": 49,
  "org/spongepowered/asm/lib/Item": 49,
  "org/spongepowered/asm/lib/Label": 49,
  "org/spongepowered/asm/lib/MethodVisitor": 49,
  "org/spongepowered/asm/lib/MethodWriter": 49,
  "org/spongepowered/asm/lib/Opcodes": 49,
  "org/spongepowered/asm/lib/Type": 49,
  "org/spongepowered/asm/lib/TypePath": 49,
  "org/spongepowered/asm/lib/TypeReference": 49,
  "org/spongepowered/asm/lib/commons/AnnotationRemapper": 49,
  "org/spongepowered/asm/lib/commons/ClassRemapper": 49,
  "org/spongepowered/asm/lib/commons/FieldRemapper": 49,
  "org/spongepowered/asm/lib/commons/MethodRemapper": 49,
  "org/spongepowered/asm/lib/commons/Remapper": 49,
  "org/spongepowered/asm/lib/commons/SignatureRemapper": 49,
  "org/spongepowered/asm/lib/commons/SimpleRemapper": 49,
  "org/spongepowered/asm/lib/signature/SignatureReader": 49,
  "org/spongepowered/asm/lib/signature/SignatureVisitor": 49,
  "org/spongepowered/asm/lib/signature/SignatureWriter": 49,
  "org/spongepowered/asm/lib/tree/AbstractInsnNode": 49,
  "org/spongepowered/asm/lib/tree/AnnotationNode": 49,
  "org/spongepowered/asm/lib/tree/ClassNode": 49,
  "org/spongepowered/asm/lib/tree/FieldInsnNode": 49,
  "org/spongepowered/asm/lib/tree/FieldNode": 49,
  "org/spongepowered/asm/lib/tree/FrameNode": 49,
  "org/spongepowered/asm/lib/tree/IincInsnNode": 49,
  "org/spongepowered/asm/lib/tree/InnerClassNode": 49,
  "org/spongepowered/asm/lib/tree/InsnList": 49,
  "org/spongepowered/asm/lib/tree/InsnList$InsnListIterator": 49,
  "org/spongepowered/asm/lib/tree/InsnNode": 49,
  "org/spongepowered/asm/lib/tree/IntInsnNode": 49,
  "org/spongepowered/asm/lib/tree/InvokeDynamicInsnNode": 49,
  "org/spongepowered/asm/lib/tree/JumpInsnNode": 49,
  "org/spongepowered/asm/lib/tree/LabelNode": 49,
  "org/spongepowered/asm/lib/tree/LdcInsnNode": 49,
  "org/spongepowered/asm/lib/tree/LineNumberNode": 49,
  "org/spongepowered/asm/lib/tree/LocalVariableAnnotationNode": 49,
  "org/spongepowered/asm/lib/tree/LocalVariableNode": 49,
  "org/spongepowered/asm/lib/tree/LookupSwitchInsnNode": 49,
  "org/spongepowered/asm/lib/tree/MethodInsnNode": 49,
  "org/spongepowered/asm/lib/tree/MethodNode": 49,
  "org/spongepowered/asm/lib/tree/MethodNode$1": 49,
  "org/spongepowered/asm/lib/tree/MultiANewArrayInsnNode": 49,
  "org/spongepowered/asm/lib/tree/ParameterNode": 49,
  "org/spongepowered/asm/lib/tree/TableSwitchInsnNode": 49,
  "org/spongepowered/asm/lib/tree/TryCatchBlockNode": 49,
  "org/spongepowered/asm/lib/tree/TypeAnnotationNode": 49,
  "org/spongepowered/asm/lib/tree/TypeInsnNode": 49,
  "org/spongepowered/asm/lib/tree/VarInsnNode": 49,
  "org/spongepowered/asm/lib/tree/analysis/Analyzer": 49,
  "org/spongepowered/asm/lib/tree/analysis/AnalyzerException": 49,
  "org/spongepowered/asm/lib/tree/analysis/BasicInterpreter": 49,
  "org/spongepowered/asm/lib/tree/analysis/BasicValue": 49,
  "org/spongepowered/asm/lib/tree/analysis/BasicVerifier": 49,
  "org/spongepowered/asm/lib/tree/analysis/Frame": 49,
  "org/spongepowered/asm/lib/tree/analysis/Interpreter": 49,
  "org/spongepowered/asm/lib/tree/analysis/SimpleVerifier": 49,
  "org/spongepowered/asm/lib/tree/analysis/SmallSet": 49,
  "org/spongepowered/asm/lib/tree/analysis/SourceInterpreter": 49,
  "org/spongepowered/asm/lib/tree/analysis/SourceValue": 49,
  "org/spongepowered/asm/lib/tree/analysis/Subroutine": 49,
  "org/spongepowered/asm/lib/tree/analysis/Value": 49,
  "org/spongepowered/asm/lib/util/ASMifiable": 49,
  "org/spongepowered/asm/lib/util/ASMifier": 49,
  "org/spongepowered/asm/lib/util/CheckAnnotationAdapter": 49,
  "org/spongepowered/asm/lib/util/CheckClassAdapter": 49,
  "org/spongepowered/asm/lib/util/CheckFieldAdapter": 49,
  "org/spongepowered/asm/lib/util/CheckMethodAdapter": 49,
  "org/spongepowered/asm/lib/util/CheckMethodAdapter$1": 49,
  "org/spongepowered/asm/lib/util/CheckSignatureAdapter": 49,
  "org/spongepowered/asm/lib/util/Printer": 49,
  "org/spongepowered/asm/lib/util/Textifiable": 49,
  "org/spongepowered/asm/lib/util/Textifier": 49,
  "org/spongepowered/asm/lib/util/TraceAnnotationVisitor": 49,
  "org/spongepowered/asm/lib/util/TraceClassVisitor": 49,
  "org/spongepowered/asm/lib/util/TraceFieldVisitor": 49,
  "org/spongepowered/asm/lib/util/TraceMethodVisitor": 49,
  "org/spongepowered/asm/lib/util/TraceSignatureVisitor": 49,
  "org/spongepowered/asm/mixin/Debug": 50,
  "org/spongepowered/asm/mixin/Dynamic": 50,
  "org/spongepowered/asm/mixin/EnvironmentStateTweaker": 50,
  "org/spongepowered/asm/mixin/Final": 50,
  "org/spongepowered/asm/mixin/Implements": 50,
  "org/spongepowered/asm/mixin/Interface": 50,
  "org/spongepowered/asm/mixin/Interface$Remap": 50,
  "org/spongepowered/asm/mixin/Intrinsic": 50,
  "org/spongepowered/asm/mixin/Mixin": 50,
  "org/spongepowered/asm/mixin/MixinEnvironment": 50,
  "org/spongepowered/asm/mixin/MixinEnvironment$1": 50,
  "org/spongepowered/asm/mixin/MixinEnvironment$CompatibilityLevel": 50,
  "org/spongepowered/asm/mixin/MixinEnvironment$CompatibilityLevel$1": 50,
  "org/spongepowered/asm/mixin/MixinEnvironment$CompatibilityLevel$2": 50,
  "org/spongepowered/asm/mixin/MixinEnvironment$CompatibilityLevel$3": 50,
  "org/spongepowered/asm/mixin/MixinEnvironment$MixinLogWatcher": 50,
  "org/spongepowered/asm/mixin/MixinEnvironment$MixinLogWatcher$MixinAppender": 50,
  "org/spongepowered/asm/mixin/MixinEnvironment$Option": 50,
  "org/spongepowered/asm/mixin/MixinEnvironment$Option$Inherit": 50,
  "org/spongepowered/asm/mixin/MixinEnvironment$Phase": 50,
  "org/spongepowered/asm/mixin/MixinEnvironment$Side": 50,
  "org/spongepowered/asm/mixin/MixinEnvironment$Side$1": 50,
  "org/spongepowered/asm/mixin/MixinEnvironment$Side$2": 50,
  "org/spongepowered/asm/mixin/MixinEnvironment$Side$3": 50,
  "org/spongepowered/asm/mixin/MixinEnvironment$TokenProviderWrapper": 50,
  "org/spongepowered/asm/mixin/Mixins": 50,
  "org/spongepowered/asm/mixin/Mutable": 50,
  "org/spongepowered/asm/mixin/Overwrite": 50,
  "org/spongepowered/asm/mixin/Pseudo": 50,
  "org/spongepowered/asm/mixin/Shadow": 50,
  "org/spongepowered/asm/mixin/SoftOverride": 50,
  "org/spongepowered/asm/mixin/Unique": 50,
  "org/spongepowered/asm/mixin/extensibility/IEnvironmentTokenProvider": 50,
  "org/spongepowered/asm/mixin/extensibility/IMixinConfig": 50,
  "org/spongepowered/asm/mixin/extensibility/IMixinConfigPlugin": 50,
  "org/spongepowered/asm/mixin/extensibility/IMixinErrorHandler": 50,
  "org/spongepowered/asm/mixin/extensibility/IMixinErrorHandler$ErrorAction": 50,
  "org/spongepowered/asm/mixin/extensibility/IMixinInfo": 50,
  "org/spongepowered/asm/mixin/extensibility/IRemapper": 50,
  "org/spongepowered/asm/mixin/gen/Accessor": 50,
  "org/spongepowered/asm/mixin/gen/AccessorGenerator": 50,
  "org/spongepowered/asm/mixin/gen/AccessorGeneratorField": 50,
  "org/spongepowered/asm/mixin/gen/AccessorGeneratorFieldGetter": 50,
  "org/spongepowered/asm/mixin/gen/AccessorGeneratorFieldSetter": 50,
  "org/spongepowered/asm/mixin/gen/AccessorGeneratorMethodProxy": 50,
  "org/spongepowered/asm/mixin/gen/AccessorInfo": 50,
  "org/spongepowered/asm/mixin/gen/AccessorInfo$1": 50,
  "org/spongepowered/asm/mixin/gen/AccessorInfo$AccessorType": 50,
  "org/spongepowered/asm/mixin/gen/AccessorInfo$AccessorType$1": 50,
  "org/spongepowered/asm/mixin/gen/AccessorInfo$AccessorType$2": 50,
  "org/spongepowered/asm/mixin/gen/AccessorInfo$AccessorType$3": 50,
  "org/spongepowered/asm/mixin/gen/Invoker": 50,
  "org/spongepowered/asm/mixin/gen/InvokerInfo": 50,
  "org/spongepowered/asm/mixin/gen/throwables/InvalidAccessorException": 50,
  "org/spongepowered/asm/mixin/injection/At": 50,
  "org/spongepowered/asm/mixin/injection/At$Shift": 50,
  "org/spongepowered/asm/mixin/injection/Coerce": 50,
  "org/spongepowered/asm/mixin/injection/Constant": 50,
  "org/spongepowered/asm/mixin/injection/Constant$Condition": 50,
  "org/spongepowered/asm/mixin/injection/Group": 50,
  "org/spongepowered/asm/mixin/injection/IInjectionPointContext": 50,
  "org/spongepowered/asm/mixin/injection/Inject": 50,
  "org/spongepowered/asm/mixin/injection/InjectionPoint": 50,
  "org/spongepowered/asm/mixin/injection/InjectionPoint$AtCode": 50,
  "org/spongepowered/asm/mixin/injection/InjectionPoint$CompositeInjectionPoint": 50,
  "org/spongepowered/asm/mixin/injection/InjectionPoint$Intersection": 50,
  "org/spongepowered/asm/mixin/injection/InjectionPoint$Selector": 50,
  "org/spongepowered/asm/mixin/injection/InjectionPoint$Shift": 50,
  "org/spongepowered/asm/mixin/injection/InjectionPoint$ShiftByViolationBehaviour": 50,
  "org/spongepowered/asm/mixin/injection/InjectionPoint$Union": 50,
  "org/spongepowered/asm/mixin/injection/ModifyArg": 50,
  "org/spongepowered/asm/mixin/injection/ModifyArgs": 50,
  "org/spongepowered/asm/mixin/injection/ModifyConstant": 50,
  "org/spongepowered/asm/mixin/injection/ModifyVariable": 50,
  "org/spongepowered/asm/mixin/injection/Redirect": 50,
  "org/spongepowered/asm/mixin/injection/Slice": 50,
  "org/spongepowered/asm/mixin/injection/Surrogate": 50,
  "org/spongepowered/asm/mixin/injection/callback/CallbackInfo": 50,
  "org/spongepowered/asm/mixin/injection/callback/CallbackInfoReturnable": 50,
  "org/spongepowered/asm/mixin/injection/callback/CallbackInjector": 50,
  "org/spongepowered/asm/mixin/injection/callback/CallbackInjector$1": 50,
  "org/spongepowered/asm/mixin/injection/callback/CallbackInjector$Callback": 50,
  "org/spongepowered/asm/mixin/injection/callback/Cancellable": 50,
  "org/spongepowered/asm/mixin/injection/callback/CancellationException": 50,
  "org/spongepowered/asm/mixin/injection/callback/LocalCapture": 50,
  "org/spongepowered/asm/mixin/injection/code/ISliceContext": 50,
  "org/spongepowered/asm/mixin/injection/code/Injector": 50,
  "org/spongepowered/asm/mixin/injection/code/Injector$TargetNode": 50,
  "org/spongepowered/asm/mixin/injection/code/InjectorTarget": 50,
  "org/spongepowered/asm/mixin/injection/code/MethodSlice": 50,
  "org/spongepowered/asm/mixin/injection/code/MethodSlice$InsnListSlice": 50,
  "org/spongepowered/asm/mixin/injection/code/MethodSlice$InsnListSlice$SliceIterator": 50,
  "org/spongepowered/asm/mixin/injection/code/MethodSlices": 50,
  "org/spongepowered/asm/mixin/injection/code/ReadOnlyInsnList": 50,
  "org/spongepowered/asm/mixin/injection/invoke/InvokeInjector": 50,
  "org/spongepowered/asm/mixin/injection/invoke/ModifyArgInjector": 50,
  "org/spongepowered/asm/mixin/injection/invoke/ModifyArgsInjector": 50,
  "org/spongepowered/asm/mixin/injection/invoke/ModifyConstantInjector": 50,
  "org/spongepowered/asm/mixin/injection/invoke/RedirectInjector": 50,
  "org/spongepowered/asm/mixin/injection/invoke/RedirectInjector$ConstructorRedirectData": 50,
  "org/spongepowered/asm/mixin/injection/invoke/RedirectInjector$Meta": 50,
  "org/spongepowered/asm/mixin/injection/invoke/RedirectInjector$RedirectedInvoke": 50,
  "org/spongepowered/asm/mixin/injection/invoke/arg/Args": 50,
  "org/spongepowered/asm/mixin/injection/invoke/arg/ArgsClassGenerator": 50,
  "org/spongepowered/asm/mixin/injection/invoke/arg/ArgumentCountException": 50,
  "org/spongepowered/asm/mixin/injection/invoke/arg/ArgumentIndexOutOfBoundsException": 50,
  "org/spongepowered/asm/mixin/injection/invoke/util/InsnFinder": 50,
  "org/spongepowered/asm/mixin/injection/invoke/util/InsnFinder$AnalysisResultException": 50,
  "org/spongepowered/asm/mixin/injection/invoke/util/InsnFinder$AnalyzerState": 50,
  "org/spongepowered/asm/mixin/injection/invoke/util/InsnFinder$PopAnalyzer": 50,
  "org/spongepowered/asm/mixin/injection/invoke/util/InsnFinder$PopAnalyzer$PopFrame": 50,
  "org/spongepowered/asm/mixin/injection/modify/AfterStoreLocal": 50,
  "org/spongepowered/asm/mixin/injection/modify/BeforeLoadLocal": 50,
  "org/spongepowered/asm/mixin/injection/modify/BeforeLoadLocal$SearchState": 50,
  "org/spongepowered/asm/mixin/injection/modify/InvalidImplicitDiscriminatorException": 50,
  "org/spongepowered/asm/mixin/injection/modify/LocalVariableDiscriminator": 50,
  "org/spongepowered/asm/mixin/injection/modify/LocalVariableDiscriminator$Context": 50,
  "org/spongepowered/asm/mixin/injection/modify/LocalVariableDiscriminator$Context$Local": 50,
  "org/spongepowered/asm/mixin/injection/modify/ModifyVariableInjector": 50,
  "org/spongepowered/asm/mixin/injection/modify/ModifyVariableInjector$Context": 50,
  "org/spongepowered/asm/mixin/injection/modify/ModifyVariableInjector$ContextualInjectionPoint": 50,
  "org/spongepowered/asm/mixin/injection/points/AfterInvoke": 50,
  "org/spongepowered/asm/mixin/injection/points/BeforeConstant": 50,
  "org/spongepowered/asm/mixin/injection/points/BeforeFieldAccess": 50,
  "org/spongepowered/asm/mixin/injection/points/BeforeFinalReturn": 50,
  "org/spongepowered/asm/mixin/injection/points/BeforeInvoke": 50,
  "org/spongepowered/asm/mixin/injection/points/BeforeInvoke$SearchType": 50,
  "org/spongepowered/asm/mixin/injection/points/BeforeNew": 50,
  "org/spongepowered/asm/mixin/injection/points/BeforeReturn": 50,
  "org/spongepowered/asm/mixin/injection/points/BeforeStringInvoke": 50,
  "org/spongepowered/asm/mixin/injection/points/JumpInsnPoint": 50,
  "org/spongepowered/asm/mixin/injection/points/MethodHead": 50,
  "org/spongepowered/asm/mixin/injection/struct/CallbackInjectionInfo": 50,
  "org/spongepowered/asm/mixin/injection/struct/InjectionInfo": 50,
  "org/spongepowered/asm/mixin/injection/struct/InjectionNodes": 50,
  "org/spongepowered/asm/mixin/injection/struct/InjectionNodes$InjectionNode": 50,
  "org/spongepowered/asm/mixin/injection/struct/InjectionPointData": 50,
  "org/spongepowered/asm/mixin/injection/struct/InjectorGroupInfo": 50,
  "org/spongepowered/asm/mixin/injection/struct/InjectorGroupInfo$Map": 50,
  "org/spongepowered/asm/mixin/injection/struct/InvalidMemberDescriptorException": 50,
  "org/spongepowered/asm/mixin/injection/struct/MemberInfo": 50,
  "org/spongepowered/asm/mixin/injection/struct/ModifyArgInjectionInfo": 50,
  "org/spongepowered/asm/mixin/injection/struct/ModifyArgsInjectionInfo": 50,
  "org/spongepowered/asm/mixin/injection/struct/ModifyConstantInjectionInfo": 50,
  "org/spongepowered/asm/mixin/injection/struct/ModifyVariableInjectionInfo": 50,
  "org/spongepowered/asm/mixin/injection/struct/RedirectInjectionInfo": 50,
  "org/spongepowered/asm/mixin/injection/struct/Target": 50,
  "org/spongepowered/asm/mixin/injection/throwables/InjectionError": 50,
  "org/spongepowered/asm/mixin/injection/throwables/InjectionValidationException": 50,
  "org/spongepowered/asm/mixin/injection/throwables/InvalidInjectionException": 50,
  "org/spongepowered/asm/mixin/injection/throwables/InvalidInjectionPointException": 50,
  "org/spongepowered/asm/mixin/injection/throwables/InvalidSliceException": 50,
  "org/spongepowered/asm/mixin/refmap/IMixinContext": 50,
  "org/spongepowered/asm/mixin/refmap/IReferenceMapper": 50,
  "org/spongepowered/asm/mixin/refmap/ReferenceMapper": 50,
  "org/spongepowered/asm/mixin/refmap/RemappingReferenceMapper": 50,
  "org/spongepowered/asm/mixin/refmap/RemappingReferenceMapper$1": 50,
  "org/spongepowered/asm/mixin/struct/MemberRef": 50,
  "org/spongepowered/asm/mixin/struct/MemberRef$Field": 50,
  "org/spongepowered/asm/mixin/struct/MemberRef$Handle": 50,
  "org/spongepowered/asm/mixin/struct/MemberRef$Method": 50,
  "org/spongepowered/asm/mixin/struct/SourceMap": 50,
  "org/spongepowered/asm/mixin/struct/SourceMap$File": 50,
  "org/spongepowered/asm/mixin/struct/SourceMap$Stratum": 50,
  "org/spongepowered/asm/mixin/struct/SpecialMethodInfo": 50,
  "org/spongepowered/asm/mixin/throwables/ClassAlreadyLoadedException": 50,
  "org/spongepowered/asm/mixin/throwables/MixinApplyError": 50,
  "org/spongepowered/asm/mixin/throwables/MixinException": 50,
  "org/spongepowered/asm/mixin/throwables/MixinPrepareError": 50,
  "org/spongepowered/asm/mixin/transformer/ClassContext": 50,
  "org/spongepowered/asm/mixin/transformer/ClassInfo": 50,
  "org/spongepowered/asm/mixin/transformer/ClassInfo$Field": 50,
  "org/spongepowered/asm/mixin/transformer/ClassInfo$FrameData": 50,
  "org/spongepowered/asm/mixin/transformer/ClassInfo$InterfaceMethod": 50,
  "org/spongepowered/asm/mixin/transformer/ClassInfo$Member": 50,
  "org/spongepowered/asm/mixin/transformer/ClassInfo$Member$Type": 50,
  "org/spongepowered/asm/mixin/transformer/ClassInfo$Method": 50,
  "org/spongepowered/asm/mixin/transformer/ClassInfo$SearchType": 50,
  "org/spongepowered/asm/mixin/transformer/ClassInfo$Traversal": 50,
  "org/spongepowered/asm/mixin/transformer/Config": 50,
  "org/spongepowered/asm/mixin/transformer/InnerClassGenerator": 50,
  "org/spongepowered/asm/mixin/transformer/InnerClassGenerator$InnerClassAdapter": 50,
  "org/spongepowered/asm/mixin/transformer/InnerClassGenerator$InnerClassInfo": 50,
  "org/spongepowered/asm/mixin/transformer/InterfaceInfo": 50,
  "org/spongepowered/asm/mixin/transformer/MethodMapper": 50,
  "org/spongepowered/asm/mixin/transformer/MixinApplicatorInterface": 50,
  "org/spongepowered/asm/mixin/transformer/MixinApplicatorStandard": 50,
  "org/spongepowered/asm/mixin/transformer/MixinApplicatorStandard$1": 50,
  "org/spongepowered/asm/mixin/transformer/MixinApplicatorStandard$ApplicatorPass": 50,
  "org/spongepowered/asm/mixin/transformer/MixinApplicatorStandard$InitialiserInjectionMode": 50,
  "org/spongepowered/asm/mixin/transformer/MixinApplicatorStandard$Range": 50,
  "org/spongepowered/asm/mixin/transformer/MixinConfig": 50,
  "org/spongepowered/asm/mixin/transformer/MixinConfig$1": 50,
  "org/spongepowered/asm/mixin/transformer/MixinConfig$IListener": 50,
  "org/spongepowered/asm/mixin/transformer/MixinConfig$InjectorOptions": 50,
  "org/spongepowered/asm/mixin/transformer/MixinConfig$OverwriteOptions": 50,
  "org/spongepowered/asm/mixin/transformer/MixinInfo": 50,
  "org/spongepowered/asm/mixin/transformer/MixinInfo$1": 50,
  "org/spongepowered/asm/mixin/transformer/MixinInfo$2": 50,
  "org/spongepowered/asm/mixin/transformer/MixinInfo$MixinClassNode": 50,
  "org/spongepowered/asm/mixin/transformer/MixinInfo$MixinMethodNode": 50,
  "org/spongepowered/asm/mixin/transformer/MixinInfo$Reloaded": 50,
  "org/spongepowered/asm/mixin/transformer/MixinInfo$State": 50,
  "org/spongepowered/asm/mixin/transformer/MixinInfo$SubType": 50,
  "org/spongepowered/asm/mixin/transformer/MixinInfo$SubType$Accessor": 50,
  "org/spongepowered/asm/mixin/transformer/MixinInfo$SubType$Interface": 50,
  "org/spongepowered/asm/mixin/transformer/MixinInfo$SubType$Standard": 50,
  "org/spongepowered/asm/mixin/transformer/MixinPostProcessor": 50,
  "org/spongepowered/asm/mixin/transformer/MixinPostProcessor$1": 50,
  "org/spongepowered/asm/mixin/transformer/MixinPreProcessorAccessor": 50,
  "org/spongepowered/asm/mixin/transformer/MixinPreProcessorInterface": 50,
  "org/spongepowered/asm/mixin/transformer/MixinPreProcessorStandard": 50,
  "org/spongepowered/asm/mixin/transformer/MixinPreProcessorStandard$SpecialMethod": 50,
  "org/spongepowered/asm/mixin/transformer/MixinTargetContext": 50,
  "org/spongepowered/asm/mixin/transformer/MixinTransformer": 50,
  "org/spongepowered/asm/mixin/transformer/MixinTransformer$1": 50,
  "org/spongepowered/asm/mixin/transformer/MixinTransformer$ErrorPhase": 50,
  "org/spongepowered/asm/mixin/transformer/MixinTransformer$ErrorPhase$1": 50,
  "org/spongepowered/asm/mixin/transformer/MixinTransformer$ErrorPhase$2": 50,
  "org/spongepowered/asm/mixin/transformer/Proxy": 50,
  "org/spongepowered/asm/mixin/transformer/TargetClassContext": 50,
  "org/spongepowered/asm/mixin/transformer/debug/RuntimeDecompiler": 50,
  "org/spongepowered/asm/mixin/transformer/debug/RuntimeDecompiler$1": 50,
  "org/spongepowered/asm/mixin/transformer/debug/RuntimeDecompilerAsync": 50,
  "org/spongepowered/asm/mixin/transformer/ext/Extensions": 50,
  "org/spongepowered/asm/mixin/transformer/ext/IClassGenerator": 50,
  "org/spongepowered/asm/mixin/transformer/ext/IDecompiler": 50,
  "org/spongepowered/asm/mixin/transformer/ext/IExtension": 50,
  "org/spongepowered/asm/mixin/transformer/ext/IHotSwap": 50,
  "org/spongepowered/asm/mixin/transformer/ext/ITargetClassContext": 50,
  "org/spongepowered/asm/mixin/transformer/ext/extensions/ExtensionCheckClass": 50,
  "org/spongepowered/asm/mixin/transformer/ext/extensions/ExtensionCheckClass$ValidationFailedException": 50,
  "org/spongepowered/asm/mixin/transformer/ext/extensions/ExtensionCheckInterfaces": 50,
  "org/spongepowered/asm/mixin/transformer/ext/extensions/ExtensionClassExporter": 50,
  "org/spongepowered/asm/mixin/transformer/meta/MixinInner": 50,
  "org/spongepowered/asm/mixin/transformer/meta/MixinMerged": 50,
  "org/spongepowered/asm/mixin/transformer/meta/MixinRenamed": 50,
  "org/spongepowered/asm/mixin/transformer/throwables/InvalidInterfaceMixinException": 50,
  "org/spongepowered/asm/mixin/transformer/throwables/InvalidMixinException": 50,
  "org/spongepowered/asm/mixin/transformer/throwables/MixinReloadException": 50,
  "org/spongepowered/asm/mixin/transformer/throwables/MixinTargetAlreadyLoadedException": 50,
  "org/spongepowered/asm/mixin/transformer/throwables/MixinTransformerError": 50,
  "org/spongepowered/asm/obfuscation/RemapperChain": 50,
  "org/spongepowered/asm/obfuscation/mapping/IMapping": 50,
  "org/spongepowered/asm/obfuscation/mapping/IMapping$Type": 50,
  "org/spongepowered/asm/obfuscation/mapping/common/MappingField": 50,
  "org/spongepowered/asm/obfuscation/mapping/common/MappingMethod": 50,
  "org/spongepowered/asm/obfuscation/mapping/mcp/MappingFieldSrg": 50,
  "org/spongepowered/asm/service/IClassBytecodeProvider": 50,
  "org/spongepowered/asm/service/IClassProvider": 50,
  "org/spongepowered/asm/service/IGlobalPropertyService": 50,
  "org/spongepowered/asm/service/ILegacyClassTransformer": 50,
  "org/spongepowered/asm/service/IMixinService": 50,
  "org/spongepowered/asm/service/IMixinServiceBootstrap": 50,
  "org/spongepowered/asm/service/ITransformer": 50,
  "org/spongepowered/asm/service/MixinService": 50,
  "org/spongepowered/asm/service/ServiceNotAvailableError": 50,
  "org/spongepowered/asm/service/mojang/Blackboard": 50,
  "org/spongepowered/asm/service/mojang/LaunchClassLoaderUtil": 50,
  "org/spongepowered/asm/service/mojang/LegacyTransformerHandle": 50,
  "org/spongepowered/asm/service/mojang/MixinServiceLaunchWrapper": 50,
  "org/spongepowered/asm/service/mojang/MixinServiceLaunchWrapperBootstrap": 50,
  "org/spongepowered/asm/transformers/MixinClassWriter": 50,
  "org/spongepowered/asm/transformers/TreeTransformer": 50,
  "org/spongepowered/asm/util/Annotations": 50,
  "org/spongepowered/asm/util/Annotations$1": 50,
  "org/spongepowered/asm/util/Bytecode": 50,
  "org/spongepowered/asm/util/Bytecode$Visibility": 50,
  "org/spongepowered/asm/util/ClassSignature": 50,
  "org/spongepowered/asm/util/ClassSignature$IToken": 50,
  "org/spongepowered/asm/util/ClassSignature$Lazy": 50,
  "org/spongepowered/asm/util/ClassSignature$SignatureParser": 50,
  "org/spongepowered/asm/util/ClassSignature$SignatureParser$BoundElement": 50,
  "org/spongepowered/asm/util/ClassSignature$SignatureParser$FormalParamElement": 50,
  "org/spongepowered/asm/util/ClassSignature$SignatureParser$InterfaceElement": 50,
  "org/spongepowered/asm/util/ClassSignature$SignatureParser$SignatureElement": 50,
  "org/spongepowered/asm/util/ClassSignature$SignatureParser$SuperClassElement": 50,
  "org/spongepowered/asm/util/ClassSignature$SignatureParser$TokenElement": 50,
  "org/spongepowered/asm/util/ClassSignature$SignatureParser$TypeArgElement": 50,
  "org/spongepowered/asm/util/ClassSignature$SignatureRemapper": 50,
  "org/spongepowered/asm/util/ClassSignature$Token": 50,
  "org/spongepowered/asm/util/ClassSignature$TokenHandle": 50,
  "org/spongepowered/asm/util/ClassSignature$TypeVar": 50,
  "org/spongepowered/asm/util/Constants": 50,
  "org/spongepowered/asm/util/Constants$ManifestAttributes": 50,
  "org/spongepowered/asm/util/ConstraintParser": 50,
  "org/spongepowered/asm/util/ConstraintParser$Constraint": 50,
  "org/spongepowered/asm/util/Counter": 50,
  "org/spongepowered/asm/util/ITokenProvider": 50,
  "org/spongepowered/asm/util/JavaVersion": 50,
  "org/spongepowered/asm/util/Locals": 50,
  "org/spongepowered/asm/util/ObfuscationUtil": 50,
  "org/spongepowered/asm/util/ObfuscationUtil$IClassRemapper": 50,
  "org/spongepowered/asm/util/PrettyPrinter": 50,
  "org/spongepowered/asm/util/PrettyPrinter$Alignment": 50,
  "org/spongepowered/asm/util/PrettyPrinter$CentredText": 50,
  "org/spongepowered/asm/util/PrettyPrinter$Column": 50,
  "org/spongepowered/asm/util/PrettyPrinter$HorizontalRule": 50,
  "org/spongepowered/asm/util/PrettyPrinter$IPrettyPrintable": 50,
  "org/spongepowered/asm/util/PrettyPrinter$ISpecialEntry": 50,
  "org/spongepowered/asm/util/PrettyPrinter$IVariableWidthEntry": 50,
  "org/spongepowered/asm/util/PrettyPrinter$KeyValue": 50,
  "org/spongepowered/asm/util/PrettyPrinter$Row": 50,
  "org/spongepowered/asm/util/PrettyPrinter$Table": 50,
  "org/spongepowered/asm/util/ReEntranceLock": 50,
  "org/spongepowered/asm/util/SignaturePrinter": 50,
  "org/spongepowered/asm/util/VersionNumber": 50,
  "org/spongepowered/asm/util/asm/MethodVisitorEx": 50,
  "org/spongepowered/asm/util/asm/MixinVerifier": 50,
  "org/spongepowered/asm/util/perf/Profiler": 50,
  "org/spongepowered/asm/util/perf/Profiler$LiveSection": 50,
  "org/spongepowered/asm/util/perf/Profiler$Section": 50,
  "org/spongepowered/asm/util/perf/Profiler$SubSection": 50,
  "org/spongepowered/asm/util/throwables/ConstraintViolationException": 50,
  "org/spongepowered/asm/util/throwables/InvalidConstraintException": 50,
  "org/spongepowered/asm/util/throwables/LVTGeneratorException": 50,
  "org/spongepowered/asm/util/throwables/SyntheticBridgeException": 50,
  "org/spongepowered/asm/util/throwables/SyntheticBridgeException$1": 50,
  "org/spongepowered/asm/util/throwables/SyntheticBridgeException$Problem": 50,
  "org/spongepowered/tools/agent/MixinAgent": 50,
  "org/spongepowered/tools/agent/MixinAgent$Transformer": 50,
  "org/spongepowered/tools/agent/MixinAgentClassLoader": 50,
  "org/spongepowered/tools/obfuscation/AnnotatedMixin": 50,
  "org/spongepowered/tools/obfuscation/AnnotatedMixinElementHandler": 50,
  "org/spongepowered/tools/obfuscation/AnnotatedMixinElementHandler$AliasedElementName": 50,
  "org/spongepowered/tools/obfuscation/AnnotatedMixinElementHandler$AnnotatedElement": 50,
  "org/spongepowered/tools/obfuscation/AnnotatedMixinElementHandler$ShadowElementName": 50,
  "org/spongepowered/tools/obfuscation/AnnotatedMixinElementHandlerAccessor": 50,
  "org/spongepowered/tools/obfuscation/AnnotatedMixinElementHandlerAccessor$1": 50,
  "org/spongepowered/tools/obfuscation/AnnotatedMixinElementHandlerAccessor$AnnotatedElementAccessor": 50,
  "org/spongepowered/tools/obfuscation/AnnotatedMixinElementHandlerAccessor$AnnotatedElementInvoker": 50,
  "org/spongepowered/tools/obfuscation/AnnotatedMixinElementHandlerInjector": 50,
  "org/spongepowered/tools/obfuscation/AnnotatedMixinElementHandlerInjector$AnnotatedElementInjectionPoint": 50,
  "org/spongepowered/tools/obfuscation/AnnotatedMixinElementHandlerInjector$AnnotatedElementInjector": 50,
  "org/spongepowered/tools/obfuscation/AnnotatedMixinElementHandlerOverwrite": 50,
  "org/spongepowered/tools/obfuscation/AnnotatedMixinElementHandlerOverwrite$AnnotatedElementOverwrite": 50,
  "org/spongepowered/tools/obfuscation/AnnotatedMixinElementHandlerShadow": 50,
  "org/spongepowered/tools/obfuscation/AnnotatedMixinElementHandlerShadow$AnnotatedElementShadow": 50,
  "org/spongepowered/tools/obfuscation/AnnotatedMixinElementHandlerShadow$AnnotatedElementShadowField": 50,
  "org/spongepowered/tools/obfuscation/AnnotatedMixinElementHandlerShadow$AnnotatedElementShadowMethod": 50,
  "org/spongepowered/tools/obfuscation/AnnotatedMixinElementHandlerSoftImplements": 50,
  "org/spongepowered/tools/obfuscation/AnnotatedMixins": 50,
  "org/spongepowered/tools/obfuscation/Mappings": 50,
  "org/spongepowered/tools/obfuscation/Mappings$MappingConflictException": 50,
  "org/spongepowered/tools/obfuscation/Mappings$UniqueMappings": 50,
  "org/spongepowered/tools/obfuscation/MixinObfuscationProcessor": 50,
  "org/spongepowered/tools/obfuscation/MixinObfuscationProcessorInjection": 50,
  "org/spongepowered/tools/obfuscation/MixinObfuscationProcessorTargets": 50,
  "org/spongepowered/tools/obfuscation/MixinValidator": 50,
  "org/spongepowered/tools/obfuscation/ObfuscationData": 50,
  "org/spongepowered/tools/obfuscation/ObfuscationDataProvider": 50,
  "org/spongepowered/tools/obfuscation/ObfuscationEnvironment": 50,
  "org/spongepowered/tools/obfuscation/ObfuscationEnvironment$RemapperProxy": 50,
  "org/spongepowered/tools/obfuscation/ObfuscationManager": 50,
  "org/spongepowered/tools/obfuscation/ObfuscationType": 50,
  "org/spongepowered/tools/obfuscation/ReferenceManager": 50,
  "org/spongepowered/tools/obfuscation/ReferenceManager$ReferenceConflictException": 50,
  "org/spongepowered/tools/obfuscation/SupportedOptions": 50,
  "org/spongepowered/tools/obfuscation/TargetMap": 50,
  "org/spongepowered/tools/obfuscation/interfaces/IJavadocProvider": 50,
  "org/spongepowered/tools/obfuscation/interfaces/IMixinAnnotationProcessor": 50,
  "org/spongepowered/tools/obfuscation/interfaces/IMixinAnnotationProcessor$CompilerEnvironment": 50,
  "org/spongepowered/tools/obfuscation/interfaces/IMixinValidator": 50,
  "org/spongepowered/tools/obfuscation/interfaces/IMixinValidator$ValidationPass": 50,
  "org/spongepowered/tools/obfuscation/interfaces/IObfuscationDataProvider": 50,
  "org/spongepowered/tools/obfuscation/interfaces/IObfuscationEnvironment": 50,
  "org/spongepowered/tools/obfuscation/interfaces/IObfuscationManager": 50,
  "org/spongepowered/tools/obfuscation/interfaces/IOptionProvider": 50,
  "org/spongepowered/tools/obfuscation/interfaces/IReferenceManager": 50,
  "org/spongepowered/tools/obfuscation/interfaces/ITypeHandleProvider": 50,
  "org/spongepowered/tools/obfuscation/mapping/IMappingConsumer": 50,
  "org/spongepowered/tools/obfuscation/mapping/IMappingConsumer$MappingSet": 50,
  "org/spongepowered/tools/obfuscation/mapping/IMappingConsumer$MappingSet$Pair": 50,
  "org/spongepowered/tools/obfuscation/mapping/IMappingProvider": 50,
  "org/spongepowered/tools/obfuscation/mapping/IMappingWriter": 50,
  "org/spongepowered/tools/obfuscation/mapping/common/MappingProvider": 50,
  "org/spongepowered/tools/obfuscation/mapping/common/MappingWriter": 50,
  "org/spongepowered/tools/obfuscation/mapping/mcp/MappingProviderSrg": 50,
  "org/spongepowered/tools/obfuscation/mapping/mcp/MappingProviderSrg$1": 50,
  "org/spongepowered/tools/obfuscation/mapping/mcp/MappingWriterSrg": 50,
  "org/spongepowered/tools/obfuscation/mcp/ObfuscationEnvironmentMCP": 50,
  "org/spongepowered/tools/obfuscation/mcp/ObfuscationServiceMCP": 50,
  "org/spongepowered/tools/obfuscation/mirror/AnnotationHandle": 50,
  "org/spongepowered/tools/obfuscation/mirror/FieldHandle": 50,
  "org/spongepowered/tools/obfuscation/mirror/MemberHandle": 50,
  "org/spongepowered/tools/obfuscation/mirror/MethodHandle": 50,
  "org/spongepowered/tools/obfuscation/mirror/TypeHandle": 50,
  "org/spongepowered/tools/obfuscation/mirror/TypeHandleSimulated": 50,
  "org/spongepowered/tools/obfuscation/mirror/TypeReference": 50,
  "org/spongepowered/tools/obfuscation/mirror/TypeUtils": 50,
  "org/spongepowered/tools/obfuscation/mirror/TypeUtils$1": 50,
  "org/spongepowered/tools/obfuscation/mirror/Visibility": 50,
  "org/spongepowered/tools/obfuscation/mirror/mapping/ResolvableMappingMethod": 50,
  "org/spongepowered/tools/obfuscation/service/IObfuscationService": 50,
  "org/spongepowered/tools/obfuscation/service/ObfuscationServices": 50,
  "org/spongepowered/tools/obfuscation/service/ObfuscationTypeDescriptor": 50,
  "org/spongepowered/tools/obfuscation/struct/InjectorRemap": 50,
  "org/spongepowered/tools/obfuscation/struct/Message": 50,
  "org/spongepowered/tools/obfuscation/validation/ParentValidator": 50,
  "org/spongepowered/tools/obfuscation/validation/TargetValidator": 50
}